,img_name,img_class
0,forest_963.jpg,forest
1,water_274.jpg,water
2,forest_2307.jpg,forest
3,forest_892.jpg,forest
4,desert_532.jpg,desert
5,desert_362.jpg,desert
6,forest_2722.jpg,forest
7,desert_809.jpg,desert
8,cloudy_15830.jpg,cloudy
9,desert_525.jpg,desert
10,desert_924.jpg,desert
11,cloudy_7096.jpg,cloudy
12,water_1222.jpg,water
13,forest_215.jpg,forest
14,water_332.jpg,water
15,forest_2836.jpg,forest
16,water_976.jpg,water
17,forest_2819.jpg,forest
18,desert_735.jpg,desert
19,forest_2929.jpg,forest
20,cloudy_17769.jpg,cloudy
21,cloudy_25337.jpg,cloudy
22,forest_643.jpg,forest
23,cloudy_37175.jpg,cloudy
24,cloudy_23490.jpg,cloudy
25,cloudy_14060.jpg,cloudy
26,forest_495.jpg,forest
27,forest_2832.jpg,forest
28,cloudy_10710.jpg,cloudy
29,water_350.jpg,water
30,desert_931.jpg,desert
31,water_1409.jpg,water
32,water_1720.jpg,water
33,desert_628.jpg,desert
34,water_1840.jpg,water
35,forest_66.jpg,forest
36,desert_651.jpg,desert
37,cloudy_36735.jpg,cloudy
38,water_2763.jpg,water
39,water_787.jpg,water
40,water_303.jpg,water
41,water_44.jpg,water
42,cloudy_860.jpg,cloudy
43,water_786.jpg,water
44,forest_2950.jpg,forest
45,desert_867.jpg,desert
46,desert_661.jpg,desert
47,cloudy_4256.jpg,cloudy
48,forest_2973.jpg,forest
49,water_983.jpg,water
50,desert_561.jpg,desert
51,cloudy_1717.jpg,cloudy
52,forest_697.jpg,forest
53,cloudy_38032.jpg,cloudy
54,cloudy_17513.jpg,cloudy
55,cloudy_11325.jpg,cloudy
56,water_2941.jpg,water
57,forest_2347.jpg,forest
58,cloudy_17505.jpg,cloudy
59,water_1829.jpg,water
60,forest_68.jpg,forest
61,water_2225.jpg,water
62,cloudy_36564.jpg,cloudy
63,water_580.jpg,water
64,cloudy_29680.jpg,cloudy
65,water_997.jpg,water
66,desert_865.jpg,desert
67,cloudy_26600.jpg,cloudy
68,cloudy_6856.jpg,cloudy
69,cloudy_33510.jpg,cloudy
70,water_70.jpg,water
71,cloudy_11240.jpg,cloudy
72,forest_688.jpg,forest
73,water_1444.jpg,water
74,forest_592.jpg,forest
75,water_1563.jpg,water
76,desert_1033.jpg,desert
77,cloudy_5670.jpg,cloudy
78,cloudy_22027.jpg,cloudy
79,desert_597.jpg,desert
80,desert_544.jpg,desert
81,forest_188.jpg,forest
82,water_1237.jpg,water
83,forest_357.jpg,forest
84,cloudy_8742.jpg,cloudy
85,water_1214.jpg,water
86,forest_2002.jpg,forest
87,forest_2279.jpg,forest
88,forest_792.jpg,forest
89,forest_2125.jpg,forest
90,desert_457.jpg,desert
91,water_245.jpg,water
92,cloudy_15012.jpg,cloudy
93,desert_955.jpg,desert
94,forest_210.jpg,forest
95,forest_2804.jpg,forest
96,forest_898.jpg,forest
97,desert_310.jpg,desert
98,water_1810.jpg,water
99,forest_2214.jpg,forest
100,cloudy_19085.jpg,cloudy
101,cloudy_39334.jpg,cloudy
102,forest_858.jpg,forest
103,cloudy_7656.jpg,cloudy
104,cloudy_38467.jpg,cloudy
105,forest_221.jpg,forest
106,cloudy_36935.jpg,cloudy
107,forest_969.jpg,forest
108,cloudy_31892.jpg,cloudy
109,desert_118.jpg,desert
110,forest_1549.jpg,forest
111,cloudy_36687.jpg,cloudy
112,forest_2851.jpg,forest
113,forest_2980.jpg,forest
114,forest_2219.jpg,forest
115,desert_630.jpg,desert
116,cloudy_15469.jpg,cloudy
117,desert_682.jpg,desert
118,cloudy_34163.jpg,cloudy
119,forest_911.jpg,forest
120,water_443.jpg,water
121,desert_186.jpg,desert
122,desert_190.jpg,desert
123,desert_244.jpg,desert
124,water_649.jpg,water
125,desert_1065.jpg,desert
126,cloudy_31030.jpg,cloudy
127,forest_2163.jpg,forest
128,water_841.jpg,water
129,water_729.jpg,water
130,cloudy_12975.jpg,cloudy
131,cloudy_18646.jpg,cloudy
132,water_1769.jpg,water
133,forest_371.jpg,forest
134,cloudy_7675.jpg,cloudy
135,forest_1638.jpg,forest
136,forest_504.jpg,forest
137,cloudy_35499.jpg,cloudy
138,forest_598.jpg,forest
139,water_1916.jpg,water
140,cloudy_3542.jpg,cloudy
141,desert_978.jpg,desert
142,water_1429.jpg,water
143,forest_833.jpg,forest
144,desert_934.jpg,desert
145,forest_2109.jpg,forest
146,water_1366.jpg,water
147,cloudy_4438.jpg,cloudy
148,desert_701.jpg,desert
149,water_922.jpg,water
150,forest_1980.jpg,forest
151,cloudy_21804.jpg,cloudy
152,cloudy_10451.jpg,cloudy
153,desert_914.jpg,desert
154,water_687.jpg,water
155,desert_328.jpg,desert
156,water_293.jpg,water
157,desert_851.jpg,desert
158,cloudy_1550.jpg,cloudy
159,water_1884.jpg,water
160,desert_272.jpg,desert
161,desert_774.jpg,desert
162,water_2960.jpg,water
163,forest_1456.jpg,forest
164,desert_91.jpg,desert
165,desert_419.jpg,desert
166,desert_130.jpg,desert
167,desert_784.jpg,desert
168,desert_1062.jpg,desert
169,forest_42.jpg,forest
170,cloudy_12089.jpg,cloudy
171,forest_2273.jpg,forest
172,water_995.jpg,water
173,forest_914.jpg,forest
174,forest_69.jpg,forest
175,forest_2187.jpg,forest
176,forest_493.jpg,forest
177,water_1665.jpg,water
178,desert_148.jpg,desert
179,forest_345.jpg,forest
180,forest_2103.jpg,forest
181,desert_368.jpg,desert
182,desert_885.jpg,desert
183,cloudy_14978.jpg,cloudy
184,desert_988.jpg,desert
185,cloudy_4603.jpg,cloudy
186,water_1049.jpg,water
187,forest_2296.jpg,forest
188,forest_432.jpg,forest
189,forest_2154.jpg,forest
190,water_1402.jpg,water
191,water_2975.jpg,water
192,forest_2521.jpg,forest
193,forest_663.jpg,forest
194,forest_2963.jpg,forest
195,water_69.jpg,water
196,desert_484.jpg,desert
197,cloudy_8937.jpg,cloudy
198,forest_959.jpg,forest
199,forest_915.jpg,forest
200,desert_869.jpg,desert
201,forest_842.jpg,forest
202,cloudy_21868.jpg,cloudy
203,cloudy_1391.jpg,cloudy
204,forest_912.jpg,forest
205,water_2292.jpg,water
206,desert_59.jpg,desert
207,forest_907.jpg,forest
208,forest_2936.jpg,forest
209,cloudy_21016.jpg,cloudy
210,forest_755.jpg,forest
211,cloudy_19420.jpg,cloudy
212,forest_943.jpg,forest
213,forest_614.jpg,forest
214,forest_720.jpg,forest
215,desert_123.jpg,desert
216,cloudy_2699.jpg,cloudy
217,cloudy_1707.jpg,cloudy
218,desert_891.jpg,desert
219,cloudy_17253.jpg,cloudy
220,water_446.jpg,water
221,cloudy_3096.jpg,cloudy
222,water_2780.jpg,water
223,forest_999.jpg,forest
224,cloudy_21884.jpg,cloudy
225,cloudy_6829.jpg,cloudy
226,water_2575.jpg,water
227,cloudy_10540.jpg,cloudy
228,water_1414.jpg,water
229,water_662.jpg,water
230,cloudy_17016.jpg,cloudy
231,forest_33.jpg,forest
232,water_599.jpg,water
233,desert_106.jpg,desert
234,water_1839.jpg,water
235,water_2859.jpg,water
236,forest_887.jpg,forest
237,water_2616.jpg,water
238,desert_956.jpg,desert
239,water_2243.jpg,water
240,cloudy_8064.jpg,cloudy
241,water_490.jpg,water
242,desert_846.jpg,desert
243,cloudy_1786.jpg,cloudy
244,desert_1066.jpg,desert
245,desert_691.jpg,desert
246,desert_676.jpg,desert
247,cloudy_16031.jpg,cloudy
248,desert_813.jpg,desert
249,cloudy_4998.jpg,cloudy
250,cloudy_20655.jpg,cloudy
251,water_1644.jpg,water
252,desert_133.jpg,desert
253,desert_796.jpg,desert
254,water_1759.jpg,water
255,forest_729.jpg,forest
256,cloudy_36964.jpg,cloudy
257,water_2851.jpg,water
258,forest_507.jpg,forest
259,forest_46.jpg,forest
260,cloudy_36382.jpg,cloudy
261,water_1451.jpg,water
262,water_691.jpg,water
263,water_1765.jpg,water
264,forest_956.jpg,forest
265,water_1782.jpg,water
266,water_154.jpg,water
267,desert_39.jpg,desert
268,cloudy_13262.jpg,cloudy
269,forest_1768.jpg,forest
270,desert_583.jpg,desert
271,forest_675.jpg,forest
272,desert_71.jpg,desert
273,forest_2090.jpg,forest
274,water_2843.jpg,water
275,desert_340.jpg,desert
276,desert_610.jpg,desert
277,desert_804.jpg,desert
278,cloudy_34303.jpg,cloudy
279,desert_673.jpg,desert
280,desert_942.jpg,desert
281,forest_457.jpg,forest
282,forest_539.jpg,forest
283,forest_619.jpg,forest
284,desert_693.jpg,desert
285,forest_784.jpg,forest
286,desert_894.jpg,desert
287,cloudy_15951.jpg,cloudy
288,forest_863.jpg,forest
289,forest_886.jpg,forest
290,cloudy_8519.jpg,cloudy
291,cloudy_8836.jpg,cloudy
292,water_74.jpg,water
293,water_501.jpg,water
294,water_2210.jpg,water
295,forest_216.jpg,forest
296,water_207.jpg,water
297,water_647.jpg,water
298,forest_631.jpg,forest
299,desert_308.jpg,desert
300,water_2244.jpg,water
301,forest_538.jpg,forest
302,forest_2955.jpg,forest
303,water_67.jpg,water
304,forest_868.jpg,forest
305,desert_179.jpg,desert
306,desert_288.jpg,desert
307,forest_2924.jpg,forest
308,forest_2912.jpg,forest
309,forest_436.jpg,forest
310,water_35.jpg,water
311,forest_585.jpg,forest
312,cloudy_4214.jpg,cloudy
313,forest_629.jpg,forest
314,water_2291.jpg,water
315,desert_959.jpg,desert
316,desert_341.jpg,desert
317,cloudy_32717.jpg,cloudy
318,forest_2218.jpg,forest
319,cloudy_20523.jpg,cloudy
320,desert_566.jpg,desert
321,water_2845.jpg,water
322,forest_2876.jpg,forest
323,forest_2340.jpg,forest
324,forest_860.jpg,forest
325,forest_2305.jpg,forest
326,water_745.jpg,water
327,cloudy_2366.jpg,cloudy
328,cloudy_25109.jpg,cloudy
329,water_2161.jpg,water
330,desert_627.jpg,desert
331,forest_610.jpg,forest
332,water_1990.jpg,water
333,cloudy_16418.jpg,cloudy
334,water_526.jpg,water
335,water_2704.jpg,water
336,cloudy_24001.jpg,cloudy
337,desert_650.jpg,desert
338,desert_142.jpg,desert
339,water_2232.jpg,water
340,forest_2505.jpg,forest
341,cloudy_35193.jpg,cloudy
342,desert_953.jpg,desert
343,water_578.jpg,water
344,cloudy_23664.jpg,cloudy
345,cloudy_3922.jpg,cloudy
346,desert_109.jpg,desert
347,forest_2312.jpg,forest
348,desert_160.jpg,desert
349,desert_263.jpg,desert
350,water_817.jpg,water
351,water_821.jpg,water
352,desert_465.jpg,desert
353,forest_90.jpg,forest
354,desert_688.jpg,desert
355,cloudy_8839.jpg,cloudy
356,cloudy_31954.jpg,cloudy
357,desert_105.jpg,desert
358,forest_603.jpg,forest
359,cloudy_9843.jpg,cloudy
360,water_1941.jpg,water
361,desert_221.jpg,desert
362,water_1102.jpg,water
363,forest_600.jpg,forest
364,desert_727.jpg,desert
365,forest_2059.jpg,forest
366,water_785.jpg,water
367,desert_779.jpg,desert
368,desert_570.jpg,desert
369,forest_164.jpg,forest
370,cloudy_38735.jpg,cloudy
371,water_992.jpg,water
372,water_899.jpg,water
373,water_1511.jpg,water
374,desert_23.jpg,desert
375,forest_198.jpg,forest
376,cloudy_7858.jpg,cloudy
377,forest_2034.jpg,forest
378,forest_606.jpg,forest
379,desert_751.jpg,desert
380,desert_725.jpg,desert
381,desert_159.jpg,desert
382,water_877.jpg,water
383,cloudy_34789.jpg,cloudy
384,water_2852.jpg,water
385,water_1860.jpg,water
386,forest_680.jpg,forest
387,cloudy_8232.jpg,cloudy
388,cloudy_27446.jpg,cloudy
389,desert_705.jpg,desert
390,water_475.jpg,water
391,desert_462.jpg,desert
392,desert_69.jpg,desert
393,cloudy_29653.jpg,cloudy
394,desert_921.jpg,desert
395,cloudy_33140.jpg,cloudy
396,water_2365.jpg,water
397,water_600.jpg,water
398,forest_450.jpg,forest
399,cloudy_1916.jpg,cloudy
400,desert_822.jpg,desert
401,desert_338.jpg,desert
402,water_1265.jpg,water
403,desert_965.jpg,desert
404,cloudy_33590.jpg,cloudy
405,forest_2863.jpg,forest
406,water_2215.jpg,water
407,cloudy_4592.jpg,cloudy
408,water_1514.jpg,water
409,water_309.jpg,water
410,cloudy_31387.jpg,cloudy
411,cloudy_14634.jpg,cloudy
412,desert_697.jpg,desert
413,cloudy_24640.jpg,cloudy
414,desert_180.jpg,desert
415,desert_243.jpg,desert
416,cloudy_33962.jpg,cloudy
417,cloudy_1777.jpg,cloudy
418,desert_917.jpg,desert
419,water_862.jpg,water
420,desert_797.jpg,desert
421,desert_441.jpg,desert
422,water_1067.jpg,water
423,water_574.jpg,water
424,desert_376.jpg,desert
425,forest_2245.jpg,forest
426,desert_413.jpg,desert
427,desert_428.jpg,desert
428,desert_264.jpg,desert
429,water_726.jpg,water
430,water_746.jpg,water
431,cloudy_17549.jpg,cloudy
432,water_2207.jpg,water
433,cloudy_1336.jpg,cloudy
434,cloudy_37423.jpg,cloudy
435,desert_239.jpg,desert
436,forest_459.jpg,forest
437,water_1316.jpg,water
438,desert_1060.jpg,desert
439,water_2150.jpg,water
440,forest_557.jpg,forest
441,water_953.jpg,water
442,water_1702.jpg,water
443,forest_2036.jpg,forest
444,water_964.jpg,water
445,cloudy_32320.jpg,cloudy
446,forest_920.jpg,forest
447,water_2779.jpg,water
448,desert_188.jpg,desert
449,desert_709.jpg,desert
450,cloudy_16997.jpg,cloudy
451,water_2521.jpg,water
452,forest_1973.jpg,forest
453,water_924.jpg,water
454,desert_649.jpg,desert
455,cloudy_33260.jpg,cloudy
456,cloudy_20247.jpg,cloudy
457,desert_568.jpg,desert
458,forest_2961.jpg,forest
459,desert_514.jpg,desert
460,cloudy_29109.jpg,cloudy
461,water_609.jpg,water
462,forest_845.jpg,forest
463,forest_748.jpg,forest
464,forest_353.jpg,forest
465,forest_1587.jpg,forest
466,forest_965.jpg,forest
467,cloudy_3099.jpg,cloudy
468,cloudy_24301.jpg,cloudy
469,cloudy_29732.jpg,cloudy
470,water_1800.jpg,water
471,cloudy_16253.jpg,cloudy
472,water_1654.jpg,water
473,forest_1959.jpg,forest
474,cloudy_19110.jpg,cloudy
475,forest_2168.jpg,forest
476,water_897.jpg,water
477,water_993.jpg,water
478,cloudy_12525.jpg,cloudy
479,forest_1942.jpg,forest
480,forest_569.jpg,forest
481,forest_949.jpg,forest
482,desert_533.jpg,desert
483,forest_2169.jpg,forest
484,desert_421.jpg,desert
485,desert_365.jpg,desert
486,forest_2495.jpg,forest
487,water_2789.jpg,water
488,cloudy_35426.jpg,cloudy
489,forest_621.jpg,forest
490,desert_388.jpg,desert
491,forest_717.jpg,forest
492,cloudy_24521.jpg,cloudy
493,forest_97.jpg,forest
494,forest_2222.jpg,forest
495,water_2306.jpg,water
496,desert_740.jpg,desert
497,water_1434.jpg,water
498,cloudy_23877.jpg,cloudy
499,forest_640.jpg,forest
500,forest_423.jpg,forest
501,forest_409.jpg,forest
502,desert_632.jpg,desert
503,water_675.jpg,water
504,cloudy_10043.jpg,cloudy
505,desert_864.jpg,desert
506,cloudy_22582.jpg,cloudy
507,forest_2992.jpg,forest
508,water_1843.jpg,water
509,desert_490.jpg,desert
510,water_2753.jpg,water
511,desert_765.jpg,desert
512,water_513.jpg,water
513,cloudy_23147.jpg,cloudy
514,desert_409.jpg,desert
515,water_2955.jpg,water
516,water_1159.jpg,water
517,forest_2954.jpg,forest
518,desert_469.jpg,desert
519,water_884.jpg,water
520,desert_927.jpg,desert
521,desert_841.jpg,desert
522,cloudy_9499.jpg,cloudy
523,forest_1965.jpg,forest
524,water_1740.jpg,water
525,cloudy_28575.jpg,cloudy
526,desert_901.jpg,desert
527,cloudy_29368.jpg,cloudy
528,forest_687.jpg,forest
529,cloudy_8884.jpg,cloudy
530,desert_875.jpg,desert
531,forest_2939.jpg,forest
532,cloudy_7820.jpg,cloudy
533,cloudy_6135.jpg,cloudy
534,water_1792.jpg,water
535,water_257.jpg,water
536,desert_397.jpg,desert
537,water_721.jpg,water
538,cloudy_6339.jpg,cloudy
539,forest_163.jpg,forest
540,desert_928.jpg,desert
541,cloudy_15165.jpg,cloudy
542,forest_2803.jpg,forest
543,water_765.jpg,water
544,desert_916.jpg,desert
545,desert_138.jpg,desert
546,forest_906.jpg,forest
547,water_736.jpg,water
548,water_1416.jpg,water
549,desert_427.jpg,desert
550,water_2919.jpg,water
551,forest_2360.jpg,forest
552,cloudy_13078.jpg,cloudy
553,forest_304.jpg,forest
554,water_1135.jpg,water
555,water_2756.jpg,water
556,water_849.jpg,water
557,desert_989.jpg,desert
558,forest_2092.jpg,forest
559,desert_64.jpg,desert
560,desert_963.jpg,desert
561,desert_447.jpg,desert
562,forest_844.jpg,forest
563,water_2511.jpg,water
564,cloudy_31588.jpg,cloudy
565,water_2062.jpg,water
566,cloudy_9258.jpg,cloudy
567,cloudy_11904.jpg,cloudy
568,water_2874.jpg,water
569,cloudy_6105.jpg,cloudy
570,desert_151.jpg,desert
571,water_203.jpg,water
572,water_894.jpg,water
573,cloudy_30311.jpg,cloudy
574,forest_730.jpg,forest
575,desert_859.jpg,desert
576,water_890.jpg,water
577,water_1437.jpg,water
578,water_1993.jpg,water
579,forest_533.jpg,forest
580,forest_547.jpg,forest
581,forest_2121.jpg,forest
582,forest_2807.jpg,forest
583,forest_820.jpg,forest
584,water_2619.jpg,water
585,desert_394.jpg,desert
586,forest_2045.jpg,forest
587,water_1674.jpg,water
588,desert_654.jpg,desert
589,desert_1029.jpg,desert
590,forest_38.jpg,forest
591,water_2258.jpg,water
592,water_731.jpg,water
593,cloudy_21140.jpg,cloudy
594,desert_549.jpg,desert
595,cloudy_11218.jpg,cloudy
596,cloudy_29861.jpg,cloudy
597,cloudy_36006.jpg,cloudy
598,forest_826.jpg,forest
599,water_1763.jpg,water
600,desert_958.jpg,desert
601,water_882.jpg,water
602,cloudy_2781.jpg,cloudy
603,cloudy_20841.jpg,cloudy
604,forest_2056.jpg,forest
605,water_1415.jpg,water
606,desert_396.jpg,desert
607,forest_1966.jpg,forest
608,desert_986.jpg,desert
609,forest_2003.jpg,forest
610,cloudy_15268.jpg,cloudy
611,desert_778.jpg,desert
612,desert_41.jpg,desert
613,cloudy_8101.jpg,cloudy
614,water_962.jpg,water
615,forest_2827.jpg,forest
616,desert_107.jpg,desert
617,water_751.jpg,water
618,cloudy_11191.jpg,cloudy
619,desert_154.jpg,desert
620,water_2705.jpg,water
621,desert_903.jpg,desert
622,forest_2035.jpg,forest
623,desert_600.jpg,desert
624,desert_563.jpg,desert
625,cloudy_32116.jpg,cloudy
626,cloudy_5925.jpg,cloudy
627,forest_2159.jpg,forest
628,desert_163.jpg,desert
629,cloudy_8499.jpg,cloudy
630,cloudy_16872.jpg,cloudy
631,desert_379.jpg,desert
632,cloudy_26512.jpg,cloudy
633,cloudy_40203.jpg,cloudy
634,cloudy_29187.jpg,cloudy
635,desert_663.jpg,desert
636,water_1011.jpg,water
637,water_1595.jpg,water
638,desert_233.jpg,desert
639,forest_2304.jpg,forest
640,cloudy_30389.jpg,cloudy
641,water_188.jpg,water
642,forest_650.jpg,forest
643,water_2517.jpg,water
644,cloudy_3995.jpg,cloudy
645,desert_240.jpg,desert
646,cloudy_23418.jpg,cloudy
647,water_2408.jpg,water
648,forest_1695.jpg,forest
649,forest_2994.jpg,forest
650,cloudy_37592.jpg,cloudy
651,cloudy_21364.jpg,cloudy
652,desert_76.jpg,desert
653,water_970.jpg,water
654,cloudy_6041.jpg,cloudy
655,cloudy_32431.jpg,cloudy
656,cloudy_18626.jpg,cloudy
657,water_971.jpg,water
658,desert_930.jpg,desert
659,forest_595.jpg,forest
660,desert_595.jpg,desert
661,forest_386.jpg,forest
662,desert_1002.jpg,desert
663,forest_1976.jpg,forest
664,water_2263.jpg,water
665,cloudy_10621.jpg,cloudy
666,forest_2299.jpg,forest
667,cloudy_5949.jpg,cloudy
668,water_1562.jpg,water
669,forest_2259.jpg,forest
670,forest_1977.jpg,forest
671,water_632.jpg,water
672,desert_251.jpg,desert
673,water_2209.jpg,water
674,cloudy_13502.jpg,cloudy
675,cloudy_6893.jpg,cloudy
676,desert_888.jpg,desert
677,cloudy_39863.jpg,cloudy
678,forest_366.jpg,forest
679,desert_962.jpg,desert
680,water_1277.jpg,water
681,water_2231.jpg,water
682,forest_2135.jpg,forest
683,cloudy_5391.jpg,cloudy
684,forest_790.jpg,forest
685,cloudy_34058.jpg,cloudy
686,cloudy_21750.jpg,cloudy
687,cloudy_16567.jpg,cloudy
688,water_1650.jpg,water
689,forest_877.jpg,forest
690,water_743.jpg,water
691,desert_194.jpg,desert
692,desert_416.jpg,desert
693,desert_171.jpg,desert
694,forest_79.jpg,forest
695,forest_901.jpg,forest
696,cloudy_10201.jpg,cloudy
697,desert_358.jpg,desert
698,cloudy_5150.jpg,cloudy
699,water_688.jpg,water
700,forest_2064.jpg,forest
701,desert_694.jpg,desert
702,forest_303.jpg,forest
703,desert_553.jpg,desert
704,desert_280.jpg,desert
705,cloudy_38099.jpg,cloudy
706,forest_812.jpg,forest
707,desert_629.jpg,desert
708,cloudy_30702.jpg,cloudy
709,forest_2242.jpg,forest
710,forest_723.jpg,forest
711,water_809.jpg,water
712,water_181.jpg,water
713,forest_2077.jpg,forest
714,forest_896.jpg,forest
715,water_2553.jpg,water
716,water_552.jpg,water
717,cloudy_30408.jpg,cloudy
718,water_818.jpg,water
719,cloudy_5780.jpg,cloudy
720,water_2175.jpg,water
721,cloudy_40436.jpg,cloudy
722,water_2146.jpg,water
723,forest_635.jpg,forest
724,water_1940.jpg,water
725,desert_758.jpg,desert
726,cloudy_21673.jpg,cloudy
727,water_1504.jpg,water
728,desert_1032.jpg,desert
729,desert_349.jpg,desert
730,water_410.jpg,water
731,cloudy_8608.jpg,cloudy
732,cloudy_30696.jpg,cloudy
733,cloudy_7192.jpg,cloudy
734,desert_748.jpg,desert
735,forest_2097.jpg,forest
736,cloudy_16023.jpg,cloudy
737,water_1896.jpg,water
738,desert_1056.jpg,desert
739,cloudy_20008.jpg,cloudy
740,cloudy_10642.jpg,cloudy
741,forest_2288.jpg,forest
742,desert_960.jpg,desert
743,cloudy_10563.jpg,cloudy
744,cloudy_37294.jpg,cloudy
745,desert_512.jpg,desert
746,forest_2917.jpg,forest
747,cloudy_38610.jpg,cloudy
748,cloudy_19396.jpg,cloudy
749,desert_892.jpg,desert
750,forest_737.jpg,forest
751,forest_2233.jpg,forest
752,forest_1782.jpg,forest
753,desert_808.jpg,desert
754,water_893.jpg,water
755,cloudy_13830.jpg,cloudy
756,desert_775.jpg,desert
757,water_2059.jpg,water
758,cloudy_38405.jpg,cloudy
759,desert_384.jpg,desert
760,desert_143.jpg,desert
761,desert_539.jpg,desert
762,forest_2037.jpg,forest
763,cloudy_25176.jpg,cloudy
764,cloudy_11673.jpg,cloudy
765,desert_52.jpg,desert
766,cloudy_16935.jpg,cloudy
767,desert_283.jpg,desert
768,desert_742.jpg,desert
769,desert_38.jpg,desert
770,forest_1802.jpg,forest
771,desert_369.jpg,desert
772,cloudy_10389.jpg,cloudy
773,water_889.jpg,water
774,cloudy_7367.jpg,cloudy
775,cloudy_29550.jpg,cloudy
776,cloudy_14394.jpg,cloudy
777,cloudy_28454.jpg,cloudy
778,desert_1008.jpg,desert
779,cloudy_23981.jpg,cloudy
780,cloudy_10538.jpg,cloudy
781,cloudy_14659.jpg,cloudy
782,desert_271.jpg,desert
783,water_842.jpg,water
784,desert_108.jpg,desert
785,desert_124.jpg,desert
786,cloudy_17086.jpg,cloudy
787,water_264.jpg,water
788,desert_899.jpg,desert
789,water_2254.jpg,water
790,water_870.jpg,water
791,cloudy_24891.jpg,cloudy
792,water_808.jpg,water
793,cloudy_34888.jpg,cloudy
794,cloudy_29162.jpg,cloudy
795,water_738.jpg,water
796,cloudy_21908.jpg,cloudy
797,water_592.jpg,water
798,cloudy_3125.jpg,cloudy
799,desert_53.jpg,desert
800,water_380.jpg,water
801,cloudy_30056.jpg,cloudy
802,desert_350.jpg,desert
803,forest_2042.jpg,forest
804,cloudy_11844.jpg,cloudy
805,cloudy_12737.jpg,cloudy
806,cloudy_38964.jpg,cloudy
807,cloudy_32830.jpg,cloudy
808,forest_32.jpg,forest
809,water_170.jpg,water
810,forest_2891.jpg,forest
811,desert_643.jpg,desert
812,desert_242.jpg,desert
813,cloudy_35457.jpg,cloudy
814,water_512.jpg,water
815,cloudy_27474.jpg,cloudy
816,desert_220.jpg,desert
817,desert_422.jpg,desert
818,cloudy_29504.jpg,cloudy
819,desert_817.jpg,desert
820,water_1641.jpg,water
821,desert_530.jpg,desert
822,desert_920.jpg,desert
823,desert_273.jpg,desert
824,desert_203.jpg,desert
825,cloudy_22123.jpg,cloudy
826,forest_2143.jpg,forest
827,cloudy_20051.jpg,cloudy
828,forest_544.jpg,forest
829,water_1441.jpg,water
830,cloudy_413.jpg,cloudy
831,cloudy_34175.jpg,cloudy
832,cloudy_7859.jpg,cloudy
833,water_706.jpg,water
834,forest_853.jpg,forest
835,water_2267.jpg,water
836,water_1087.jpg,water
837,cloudy_7387.jpg,cloudy
838,forest_61.jpg,forest
839,cloudy_970.jpg,cloudy
840,forest_659.jpg,forest
841,cloudy_8972.jpg,cloudy
842,water_1605.jpg,water
843,desert_1085.jpg,desert
844,cloudy_34079.jpg,cloudy
845,desert_260.jpg,desert
846,water_1510.jpg,water
847,cloudy_27399.jpg,cloudy
848,water_1355.jpg,water
849,desert_692.jpg,desert
850,cloudy_36862.jpg,cloudy
851,cloudy_28485.jpg,cloudy
852,desert_303.jpg,desert
853,cloudy_5648.jpg,cloudy
854,cloudy_1876.jpg,cloudy
855,desert_510.jpg,desert
856,desert_298.jpg,desert
857,desert_839.jpg,desert
858,desert_215.jpg,desert
859,forest_766.jpg,forest
860,desert_500.jpg,desert
861,cloudy_39222.jpg,cloudy
862,water_1881.jpg,water
863,desert_456.jpg,desert
864,desert_527.jpg,desert
865,water_63.jpg,water
866,forest_3000.jpg,forest
867,cloudy_38650.jpg,cloudy
868,forest_698.jpg,forest
869,forest_300.jpg,forest
870,forest_2837.jpg,forest
871,water_2229.jpg,water
872,cloudy_11047.jpg,cloudy
873,cloudy_12058.jpg,cloudy
874,desert_17.jpg,desert
875,forest_2083.jpg,forest
876,desert_236.jpg,desert
877,cloudy_16964.jpg,cloudy
878,desert_938.jpg,desert
879,forest_2215.jpg,forest
880,forest_2321.jpg,forest
881,cloudy_2648.jpg,cloudy
882,desert_759.jpg,desert
883,cloudy_19069.jpg,cloudy
884,desert_83.jpg,desert
885,water_2873.jpg,water
886,desert_245.jpg,desert
887,cloudy_23310.jpg,cloudy
888,desert_331.jpg,desert
889,desert_65.jpg,desert
890,desert_517.jpg,desert
891,forest_648.jpg,forest
892,forest_2194.jpg,forest
893,forest_2960.jpg,forest
894,forest_47.jpg,forest
895,desert_443.jpg,desert
896,cloudy_40327.jpg,cloudy
897,desert_587.jpg,desert
898,water_2524.jpg,water
899,forest_2095.jpg,forest
900,desert_504.jpg,desert
901,water_2793.jpg,water
902,desert_585.jpg,desert
903,desert_528.jpg,desert
904,desert_1042.jpg,desert
905,forest_2151.jpg,forest
906,desert_208.jpg,desert
907,forest_2212.jpg,forest
908,forest_356.jpg,forest
909,water_449.jpg,water
910,cloudy_30809.jpg,cloudy
911,desert_605.jpg,desert
912,cloudy_37445.jpg,cloudy
913,forest_7.jpg,forest
914,water_1254.jpg,water
915,forest_2290.jpg,forest
916,cloudy_23312.jpg,cloudy
917,desert_540.jpg,desert
918,cloudy_17083.jpg,cloudy
919,water_967.jpg,water
920,forest_786.jpg,forest
921,forest_2966.jpg,forest
922,water_880.jpg,water
923,forest_657.jpg,forest
924,water_913.jpg,water
925,water_1939.jpg,water
926,forest_1480.jpg,forest
927,water_256.jpg,water
928,desert_866.jpg,desert
929,desert_385.jpg,desert
930,cloudy_14009.jpg,cloudy
931,forest_2254.jpg,forest
932,cloudy_24237.jpg,cloudy
933,water_2909.jpg,water
934,water_2863.jpg,water
935,water_669.jpg,water
936,forest_665.jpg,forest
937,cloudy_15742.jpg,cloudy
938,cloudy_32799.jpg,cloudy
939,cloudy_22250.jpg,cloudy
940,water_144.jpg,water
941,forest_718.jpg,forest
942,cloudy_16387.jpg,cloudy
943,cloudy_29080.jpg,cloudy
944,cloudy_7801.jpg,cloudy
945,forest_285.jpg,forest
946,desert_838.jpg,desert
947,forest_1949.jpg,forest
948,water_617.jpg,water
949,desert_534.jpg,desert
950,desert_470.jpg,desert
951,forest_639.jpg,forest
952,cloudy_18976.jpg,cloudy
953,cloudy_37305.jpg,cloudy
954,forest_2498.jpg,forest
955,cloudy_38808.jpg,cloudy
956,cloudy_8658.jpg,cloudy
957,water_1553.jpg,water
958,desert_733.jpg,desert
959,water_711.jpg,water
960,water_2107.jpg,water
961,desert_392.jpg,desert
962,cloudy_5803.jpg,cloudy
963,desert_772.jpg,desert
964,cloudy_782.jpg,cloudy
965,forest_80.jpg,forest
966,desert_1088.jpg,desert
967,cloudy_22175.jpg,cloudy
968,forest_515.jpg,forest
969,cloudy_22314.jpg,cloudy
970,water_2372.jpg,water
971,cloudy_35987.jpg,cloudy
972,cloudy_26436.jpg,cloudy
973,forest_2234.jpg,forest
974,desert_16.jpg,desert
975,water_2878.jpg,water
976,cloudy_37070.jpg,cloudy
977,forest_512.jpg,forest
978,forest_2821.jpg,forest
979,water_279.jpg,water
980,desert_635.jpg,desert
981,forest_981.jpg,forest
982,forest_476.jpg,forest
983,water_853.jpg,water
984,desert_1018.jpg,desert
985,desert_279.jpg,desert
986,cloudy_28292.jpg,cloudy
987,desert_347.jpg,desert
988,cloudy_24724.jpg,cloudy
989,desert_389.jpg,desert
990,forest_2359.jpg,forest
991,forest_2181.jpg,forest
992,cloudy_39054.jpg,cloudy
993,desert_136.jpg,desert
994,water_696.jpg,water
995,desert_897.jpg,desert
996,cloudy_28831.jpg,cloudy
997,water_1789.jpg,water
998,water_376.jpg,water
999,forest_2970.jpg,forest
1000,water_546.jpg,water
1001,cloudy_11050.jpg,cloudy
1002,forest_75.jpg,forest
1003,cloudy_20320.jpg,cloudy
1004,cloudy_10128.jpg,cloudy
1005,forest_2813.jpg,forest
1006,forest_2805.jpg,forest
1007,desert_219.jpg,desert
1008,water_228.jpg,water
1009,forest_53.jpg,forest
1010,desert_43.jpg,desert
1011,cloudy_28463.jpg,cloudy
1012,forest_2005.jpg,forest
1013,water_2617.jpg,water
1014,cloudy_30764.jpg,cloudy
1015,cloudy_8199.jpg,cloudy
1016,desert_79.jpg,desert
1017,water_2364.jpg,water
1018,forest_1982.jpg,forest
1019,forest_2129.jpg,forest
1020,desert_209.jpg,desert
1021,cloudy_33466.jpg,cloudy
1022,water_118.jpg,water
1023,desert_305.jpg,desert
1024,cloudy_2636.jpg,cloudy
1025,desert_981.jpg,desert
1026,desert_34.jpg,desert
1027,forest_2252.jpg,forest
1028,cloudy_3609.jpg,cloudy
1029,desert_49.jpg,desert
1030,desert_281.jpg,desert
1031,forest_1945.jpg,forest
1032,desert_1036.jpg,desert
1033,forest_2883.jpg,forest
1034,forest_401.jpg,forest
1035,cloudy_5220.jpg,cloudy
1036,forest_1962.jpg,forest
1037,forest_449.jpg,forest
1038,cloudy_37896.jpg,cloudy
1039,cloudy_38698.jpg,cloudy
1040,cloudy_21867.jpg,cloudy
1041,forest_952.jpg,forest
1042,forest_917.jpg,forest
1043,cloudy_4303.jpg,cloudy
1044,desert_847.jpg,desert
1045,desert_207.jpg,desert
1046,cloudy_7597.jpg,cloudy
1047,desert_157.jpg,desert
1048,cloudy_3585.jpg,cloudy
1049,cloudy_35811.jpg,cloudy
1050,desert_703.jpg,desert
1051,water_2685.jpg,water
1052,desert_607.jpg,desert
1053,desert_140.jpg,desert
1054,cloudy_11644.jpg,cloudy
1055,forest_622.jpg,forest
1056,cloudy_15247.jpg,cloudy
1057,water_2527.jpg,water
1058,cloudy_12502.jpg,cloudy
1059,desert_816.jpg,desert
1060,desert_420.jpg,desert
1061,cloudy_17722.jpg,cloudy
1062,forest_429.jpg,forest
1063,cloudy_38329.jpg,cloudy
1064,water_249.jpg,water
1065,water_2802.jpg,water
1066,desert_361.jpg,desert
1067,forest_1627.jpg,forest
1068,water_948.jpg,water
1069,forest_2292.jpg,forest
1070,cloudy_4394.jpg,cloudy
1071,cloudy_22809.jpg,cloudy
1072,cloudy_14591.jpg,cloudy
1073,forest_700.jpg,forest
1074,desert_764.jpg,desert
1075,water_2915.jpg,water
1076,forest_312.jpg,forest
1077,water_861.jpg,water
1078,cloudy_32993.jpg,cloudy
1079,cloudy_31651.jpg,cloudy
1080,water_2806.jpg,water
1081,water_960.jpg,water
1082,desert_125.jpg,desert
1083,desert_230.jpg,desert
1084,desert_613.jpg,desert
1085,water_1294.jpg,water
1086,cloudy_19513.jpg,cloudy
1087,water_865.jpg,water
1088,forest_2133.jpg,forest
1089,forest_708.jpg,forest
1090,desert_833.jpg,desert
1091,cloudy_6506.jpg,cloudy
1092,water_1942.jpg,water
1093,forest_2179.jpg,forest
1094,cloudy_3796.jpg,cloudy
1095,cloudy_28182.jpg,cloudy
1096,water_624.jpg,water
1097,desert_946.jpg,desert
1098,desert_1051.jpg,desert
1099,desert_730.jpg,desert
1100,water_548.jpg,water
1101,water_664.jpg,water
1102,water_2446.jpg,water
1103,desert_656.jpg,desert
1104,forest_499.jpg,forest
1105,cloudy_31339.jpg,cloudy
1106,desert_918.jpg,desert
1107,desert_122.jpg,desert
1108,desert_250.jpg,desert
1109,water_697.jpg,water
1110,water_2612.jpg,water
1111,cloudy_30308.jpg,cloudy
1112,desert_324.jpg,desert
1113,cloudy_29781.jpg,cloudy
1114,desert_731.jpg,desert
1115,cloudy_29733.jpg,cloudy
1116,desert_904.jpg,desert
1117,cloudy_15393.jpg,cloudy
1118,desert_973.jpg,desert
1119,water_287.jpg,water
1120,water_2950.jpg,water
1121,forest_2322.jpg,forest
1122,forest_349.jpg,forest
1123,forest_781.jpg,forest
1124,desert_754.jpg,desert
1125,forest_1488.jpg,forest
1126,forest_953.jpg,forest
1127,water_856.jpg,water
1128,desert_788.jpg,desert
1129,forest_2931.jpg,forest
1130,cloudy_10547.jpg,cloudy
1131,desert_900.jpg,desert
1132,desert_158.jpg,desert
1133,desert_1059.jpg,desert
1134,water_1411.jpg,water
1135,water_2029.jpg,water
1136,desert_1087.jpg,desert
1137,water_903.jpg,water
1138,water_2156.jpg,water
1139,forest_2437.jpg,forest
1140,cloudy_35275.jpg,cloudy
1141,forest_82.jpg,forest
1142,forest_2983.jpg,forest
1143,water_766.jpg,water
1144,water_1610.jpg,water
1145,water_1653.jpg,water
1146,forest_398.jpg,forest
1147,forest_945.jpg,forest
1148,desert_377.jpg,desert
1149,forest_2947.jpg,forest
1150,cloudy_2424.jpg,cloudy
1151,forest_2049.jpg,forest
1152,desert_995.jpg,desert
1153,desert_182.jpg,desert
1154,water_1193.jpg,water
1155,water_1845.jpg,water
1156,forest_207.jpg,forest
1157,forest_623.jpg,forest
1158,cloudy_2770.jpg,cloudy
1159,forest_904.jpg,forest
1160,forest_1978.jpg,forest
1161,water_1118.jpg,water
1162,cloudy_15396.jpg,cloudy
1163,forest_2276.jpg,forest
1164,desert_645.jpg,desert
1165,forest_2967.jpg,forest
1166,forest_1547.jpg,forest
1167,cloudy_20551.jpg,cloudy
1168,forest_395.jpg,forest
1169,water_637.jpg,water
1170,forest_74.jpg,forest
1171,forest_472.jpg,forest
1172,forest_1947.jpg,forest
1173,water_975.jpg,water
1174,forest_2236.jpg,forest
1175,desert_729.jpg,desert
1176,cloudy_25851.jpg,cloudy
1177,cloudy_29171.jpg,cloudy
1178,water_1679.jpg,water
1179,cloudy_37746.jpg,cloudy
1180,cloudy_717.jpg,cloudy
1181,cloudy_14265.jpg,cloudy
1182,forest_638.jpg,forest
1183,cloudy_18154.jpg,cloudy
1184,desert_364.jpg,desert
1185,forest_804.jpg,forest
1186,water_1032.jpg,water
1187,desert_996.jpg,desert
1188,forest_503.jpg,forest
1189,desert_46.jpg,desert
1190,water_864.jpg,water
1191,water_710.jpg,water
1192,desert_371.jpg,desert
1193,cloudy_13792.jpg,cloudy
1194,cloudy_2550.jpg,cloudy
1195,cloudy_14835.jpg,cloudy
1196,water_741.jpg,water
1197,cloudy_29842.jpg,cloudy
1198,water_1633.jpg,water
1199,cloudy_3835.jpg,cloudy
1200,cloudy_10598.jpg,cloudy
1201,water_761.jpg,water
1202,water_2315.jpg,water
1203,water_828.jpg,water
1204,forest_2284.jpg,forest
1205,water_2134.jpg,water
1206,forest_2283.jpg,forest
1207,forest_922.jpg,forest
1208,forest_2183.jpg,forest
1209,cloudy_23953.jpg,cloudy
1210,forest_2982.jpg,forest
1211,water_129.jpg,water
1212,water_830.jpg,water
1213,cloudy_19504.jpg,cloudy
1214,desert_971.jpg,desert
1215,cloudy_2058.jpg,cloudy
1216,desert_311.jpg,desert
1217,cloudy_3368.jpg,cloudy
1218,cloudy_35846.jpg,cloudy
1219,cloudy_6573.jpg,cloudy
1220,forest_3.jpg,forest
1221,cloudy_2796.jpg,cloudy
1222,forest_2854.jpg,forest
1223,cloudy_27397.jpg,cloudy
1224,cloudy_23434.jpg,cloudy
1225,water_1073.jpg,water
1226,water_1502.jpg,water
1227,forest_900.jpg,forest
1228,cloudy_30902.jpg,cloudy
1229,cloudy_38263.jpg,cloudy
1230,forest_2101.jpg,forest
1231,cloudy_4658.jpg,cloudy
1232,desert_840.jpg,desert
1233,water_2694.jpg,water
1234,water_695.jpg,water
1235,water_2799.jpg,water
1236,cloudy_18329.jpg,cloudy
1237,desert_698.jpg,desert
1238,cloudy_40447.jpg,cloudy
1239,water_1569.jpg,water
1240,desert_246.jpg,desert
1241,water_2467.jpg,water
1242,forest_2156.jpg,forest
1243,cloudy_38446.jpg,cloudy
1244,forest_2457.jpg,forest
1245,water_2918.jpg,water
1246,desert_284.jpg,desert
1247,desert_193.jpg,desert
1248,water_492.jpg,water
1249,cloudy_902.jpg,cloudy
1250,desert_857.jpg,desert
1251,water_386.jpg,water
1252,forest_1999.jpg,forest
1253,water_2066.jpg,water
1254,desert_1006.jpg,desert
1255,water_705.jpg,water
1256,desert_789.jpg,desert
1257,cloudy_26916.jpg,cloudy
1258,desert_713.jpg,desert
1259,cloudy_32283.jpg,cloudy
1260,water_2200.jpg,water
1261,desert_922.jpg,desert
1262,cloudy_22041.jpg,cloudy
1263,water_56.jpg,water
1264,forest_589.jpg,forest
1265,cloudy_9529.jpg,cloudy
1266,cloudy_28537.jpg,cloudy
1267,water_857.jpg,water
1268,water_416.jpg,water
1269,desert_218.jpg,desert
1270,forest_2172.jpg,forest
1271,forest_2829.jpg,forest
1272,cloudy_26485.jpg,cloudy
1273,cloudy_35817.jpg,cloudy
1274,water_2386.jpg,water
1275,cloudy_15077.jpg,cloudy
1276,desert_621.jpg,desert
1277,cloudy_8287.jpg,cloudy
1278,cloudy_38893.jpg,cloudy
1279,cloudy_17107.jpg,cloudy
1280,desert_81.jpg,desert
1281,cloudy_30798.jpg,cloudy
1282,water_1460.jpg,water
1283,desert_282.jpg,desert
1284,cloudy_39821.jpg,cloudy
1285,cloudy_18084.jpg,cloudy
1286,water_1327.jpg,water
1287,desert_1022.jpg,desert
1288,water_783.jpg,water
1289,cloudy_28991.jpg,cloudy
1290,desert_505.jpg,desert
1291,desert_183.jpg,desert
1292,water_2974.jpg,water
1293,cloudy_23980.jpg,cloudy
1294,water_2022.jpg,water
1295,desert_252.jpg,desert
1296,forest_677.jpg,forest
1297,water_2808.jpg,water
1298,desert_668.jpg,desert
1299,desert_617.jpg,desert
1300,forest_2396.jpg,forest
1301,water_986.jpg,water
1302,water_406.jpg,water
1303,desert_653.jpg,desert
1304,desert_144.jpg,desert
1305,water_1134.jpg,water
1306,cloudy_38153.jpg,cloudy
1307,desert_957.jpg,desert
1308,water_2606.jpg,water
1309,water_280.jpg,water
1310,forest_2289.jpg,forest
1311,water_87.jpg,water
1312,water_209.jpg,water
1313,water_359.jpg,water
1314,cloudy_7701.jpg,cloudy
1315,water_666.jpg,water
1316,desert_909.jpg,desert
1317,water_689.jpg,water
1318,forest_574.jpg,forest
1319,desert_949.jpg,desert
1320,cloudy_24270.jpg,cloudy
1321,desert_1025.jpg,desert
1322,water_1279.jpg,water
1323,cloudy_24989.jpg,cloudy
1324,forest_2019.jpg,forest
1325,water_1271.jpg,water
1326,cloudy_11301.jpg,cloudy
1327,cloudy_13129.jpg,cloudy
1328,desert_906.jpg,desert
1329,forest_972.jpg,forest
1330,water_826.jpg,water
1331,desert_911.jpg,desert
1332,water_1492.jpg,water
1333,cloudy_20703.jpg,cloudy
1334,desert_153.jpg,desert
1335,desert_253.jpg,desert
1336,forest_692.jpg,forest
1337,forest_378.jpg,forest
1338,cloudy_30946.jpg,cloudy
1339,forest_2309.jpg,forest
1340,desert_820.jpg,desert
1341,cloudy_21502.jpg,cloudy
1342,forest_2260.jpg,forest
1343,water_781.jpg,water
1344,cloudy_3366.jpg,cloudy
1345,forest_2106.jpg,forest
1346,water_2181.jpg,water
1347,water_1449.jpg,water
1348,cloudy_33973.jpg,cloudy
1349,water_728.jpg,water
1350,water_557.jpg,water
1351,desert_947.jpg,desert
1352,desert_1028.jpg,desert
1353,water_774.jpg,water
1354,desert_626.jpg,desert
1355,water_16.jpg,water
1356,forest_2111.jpg,forest
1357,cloudy_5458.jpg,cloudy
1358,cloudy_39781.jpg,cloudy
1359,water_2358.jpg,water
1360,forest_2196.jpg,forest
1361,desert_237.jpg,desert
1362,cloudy_38833.jpg,cloudy
1363,cloudy_1580.jpg,cloudy
1364,forest_43.jpg,forest
1365,cloudy_2900.jpg,cloudy
1366,cloudy_17301.jpg,cloudy
1367,water_939.jpg,water
1368,forest_791.jpg,forest
1369,water_91.jpg,water
1370,cloudy_20826.jpg,cloudy
1371,desert_258.jpg,desert
1372,desert_473.jpg,desert
1373,forest_933.jpg,forest
1374,cloudy_28974.jpg,cloudy
1375,cloudy_21569.jpg,cloudy
1376,forest_724.jpg,forest
1377,forest_686.jpg,forest
1378,water_146.jpg,water
1379,cloudy_18253.jpg,cloudy
1380,cloudy_4587.jpg,cloudy
1381,water_942.jpg,water
1382,desert_312.jpg,desert
1383,forest_381.jpg,forest
1384,forest_827.jpg,forest
1385,water_140.jpg,water
1386,water_791.jpg,water
1387,water_2592.jpg,water
1388,forest_2014.jpg,forest
1389,forest_928.jpg,forest
1390,forest_2937.jpg,forest
1391,desert_667.jpg,desert
1392,water_1576.jpg,water
1393,cloudy_27120.jpg,cloudy
1394,water_39.jpg,water
1395,desert_90.jpg,desert
1396,desert_603.jpg,desert
1397,water_1934.jpg,water
1398,forest_2060.jpg,forest
1399,desert_169.jpg,desert
1400,water_878.jpg,water
1401,cloudy_24280.jpg,cloudy
1402,desert_752.jpg,desert
1403,cloudy_23843.jpg,cloudy
1404,forest_758.jpg,forest
1405,desert_753.jpg,desert
1406,water_237.jpg,water
1407,forest_756.jpg,forest
1408,water_910.jpg,water
1409,water_422.jpg,water
1410,desert_704.jpg,desert
1411,forest_2378.jpg,forest
1412,forest_291.jpg,forest
1413,water_2275.jpg,water
1414,desert_408.jpg,desert
1415,forest_99.jpg,forest
1416,cloudy_77.jpg,cloudy
1417,desert_734.jpg,desert
1418,desert_92.jpg,desert
1419,water_750.jpg,water
1420,desert_126.jpg,desert
1421,desert_766.jpg,desert
1422,forest_2239.jpg,forest
1423,water_2230.jpg,water
1424,water_2858.jpg,water
1425,cloudy_34772.jpg,cloudy
1426,water_2300.jpg,water
1427,cloudy_20356.jpg,cloudy
1428,desert_863.jpg,desert
1429,water_1092.jpg,water
1430,forest_471.jpg,forest
1431,forest_2295.jpg,forest
1432,cloudy_15999.jpg,cloudy
1433,forest_2020.jpg,forest
1434,forest_92.jpg,forest
1435,forest_2203.jpg,forest
1436,water_927.jpg,water
1437,desert_743.jpg,desert
1438,water_9.jpg,water
1439,cloudy_8872.jpg,cloudy
1440,desert_575.jpg,desert
1441,water_225.jpg,water
1442,water_949.jpg,water
1443,desert_439.jpg,desert
1444,water_2473.jpg,water
1445,water_1423.jpg,water
1446,desert_111.jpg,desert
1447,water_866.jpg,water
1448,cloudy_17584.jpg,cloudy
1449,cloudy_1756.jpg,cloudy
1450,cloudy_11486.jpg,cloudy
1451,forest_881.jpg,forest
1452,cloudy_25389.jpg,cloudy
1453,desert_588.jpg,desert
1454,desert_912.jpg,desert
1455,forest_319.jpg,forest
1456,cloudy_8961.jpg,cloudy
1457,forest_946.jpg,forest
1458,forest_2227.jpg,forest
1459,forest_803.jpg,forest
1460,water_1061.jpg,water
1461,cloudy_15278.jpg,cloudy
1462,water_3000.jpg,water
1463,desert_48.jpg,desert
1464,cloudy_12068.jpg,cloudy
1465,forest_849.jpg,forest
1466,forest_2186.jpg,forest
1467,cloudy_14.jpg,cloudy
1468,water_1524.jpg,water
1469,cloudy_38957.jpg,cloudy
1470,water_1377.jpg,water
1471,desert_642.jpg,desert
1472,desert_609.jpg,desert
1473,desert_1035.jpg,desert
1474,cloudy_32613.jpg,cloudy
1475,water_727.jpg,water
1476,forest_2237.jpg,forest
1477,forest_2123.jpg,forest
1478,cloudy_31369.jpg,cloudy
1479,desert_488.jpg,desert
1480,desert_330.jpg,desert
1481,desert_486.jpg,desert
1482,water_1757.jpg,water
1483,cloudy_30649.jpg,cloudy
1484,forest_814.jpg,forest
1485,water_951.jpg,water
1486,water_2151.jpg,water
1487,cloudy_2841.jpg,cloudy
1488,cloudy_9943.jpg,cloudy
1489,water_2336.jpg,water
1490,water_3.jpg,water
1491,forest_2088.jpg,forest
1492,cloudy_29808.jpg,cloudy
1493,cloudy_4133.jpg,cloudy
1494,cloudy_13292.jpg,cloudy
1495,desert_790.jpg,desert
1496,cloudy_16787.jpg,cloudy
1497,desert_339.jpg,desert
1498,water_2898.jpg,water
1499,cloudy_14654.jpg,cloudy
1500,cloudy_10177.jpg,cloudy
1501,desert_405.jpg,desert
1502,water_1506.jpg,water
1503,desert_12.jpg,desert
1504,desert_18.jpg,desert
1505,desert_711.jpg,desert
1506,desert_715.jpg,desert
1507,desert_452.jpg,desert
1508,cloudy_23029.jpg,cloudy
1509,cloudy_13647.jpg,cloudy
1510,desert_1005.jpg,desert
1511,forest_662.jpg,forest
1512,desert_625.jpg,desert
1513,forest_897.jpg,forest
1514,desert_121.jpg,desert
1515,desert_855.jpg,desert
1516,forest_2820.jpg,forest
1517,desert_879.jpg,desert
1518,forest_52.jpg,forest
1519,water_2940.jpg,water
1520,forest_2958.jpg,forest
1521,water_2645.jpg,water
1522,cloudy_31951.jpg,cloudy
1523,cloudy_29424.jpg,cloudy
1524,forest_314.jpg,forest
1525,water_1178.jpg,water
1526,forest_2926.jpg,forest
1527,cloudy_33425.jpg,cloudy
1528,cloudy_7323.jpg,cloudy
1529,water_602.jpg,water
1530,water_1133.jpg,water
1531,forest_994.jpg,forest
1532,desert_290.jpg,desert
1533,desert_565.jpg,desert
1534,water_1630.jpg,water
1535,cloudy_24080.jpg,cloudy
1536,desert_623.jpg,desert
1537,desert_222.jpg,desert
1538,water_906.jpg,water
1539,cloudy_39690.jpg,cloudy
1540,water_471.jpg,water
1541,desert_99.jpg,desert
1542,water_1209.jpg,water
1543,forest_761.jpg,forest
1544,forest_2915.jpg,forest
1545,water_243.jpg,water
1546,cloudy_12611.jpg,cloudy
1547,water_575.jpg,water
1548,desert_664.jpg,desert
1549,desert_453.jpg,desert
1550,forest_1586.jpg,forest
1551,forest_882.jpg,forest
1552,forest_2878.jpg,forest
1553,forest_805.jpg,forest
1554,forest_856.jpg,forest
1555,cloudy_15911.jpg,cloudy
1556,forest_433.jpg,forest
1557,cloudy_4534.jpg,cloudy
1558,cloudy_2100.jpg,cloudy
1559,water_1982.jpg,water
1560,forest_2873.jpg,forest
1561,forest_2026.jpg,forest
1562,water_2384.jpg,water
1563,cloudy_17897.jpg,cloudy
1564,water_797.jpg,water
1565,forest_65.jpg,forest
1566,water_333.jpg,water
1567,forest_404.jpg,forest
1568,forest_201.jpg,forest
1569,forest_464.jpg,forest
1570,cloudy_10070.jpg,cloudy
1571,cloudy_11597.jpg,cloudy
1572,forest_445.jpg,forest
1573,water_933.jpg,water
1574,water_525.jpg,water
1575,desert_1027.jpg,desert
1576,forest_2934.jpg,forest
1577,desert_737.jpg,desert
1578,desert_506.jpg,desert
1579,desert_542.jpg,desert
1580,desert_58.jpg,desert
1581,forest_83.jpg,forest
1582,desert_333.jpg,desert
1583,desert_576.jpg,desert
1584,water_596.jpg,water
1585,cloudy_6054.jpg,cloudy
1586,desert_939.jpg,desert
1587,forest_703.jpg,forest
1588,desert_972.jpg,desert
1589,desert_717.jpg,desert
1590,desert_781.jpg,desert
1591,desert_637.jpg,desert
1592,forest_2942.jpg,forest
1593,water_476.jpg,water
1594,forest_480.jpg,forest
1595,cloudy_25041.jpg,cloudy
1596,forest_1691.jpg,forest
1597,cloudy_7303.jpg,cloudy
1598,desert_491.jpg,desert
1599,cloudy_14320.jpg,cloudy
1600,water_1405.jpg,water
1601,water_814.jpg,water
1602,water_498.jpg,water
1603,forest_2205.jpg,forest
1604,cloudy_16989.jpg,cloudy
1605,cloudy_25029.jpg,cloudy
1606,cloudy_15590.jpg,cloudy
1607,desert_226.jpg,desert
1608,water_1363.jpg,water
1609,water_2110.jpg,water
1610,desert_381.jpg,desert
1611,desert_611.jpg,desert
1612,forest_95.jpg,forest
1613,desert_1016.jpg,desert
1614,cloudy_1520.jpg,cloudy
1615,desert_438.jpg,desert
1616,water_1122.jpg,water
1617,forest_341.jpg,forest
1618,forest_5.jpg,forest
1619,desert_327.jpg,desert
1620,cloudy_6816.jpg,cloudy
1621,forest_889.jpg,forest
1622,desert_631.jpg,desert
1623,forest_2302.jpg,forest
1624,desert_499.jpg,desert
1625,water_168.jpg,water
1626,water_778.jpg,water
1627,cloudy_17009.jpg,cloudy
1628,forest_379.jpg,forest
1629,cloudy_19386.jpg,cloudy
1630,cloudy_8239.jpg,cloudy
1631,forest_22.jpg,forest
1632,water_2065.jpg,water
1633,water_2494.jpg,water
1634,forest_204.jpg,forest
1635,desert_1001.jpg,desert
1636,forest_2459.jpg,forest
1637,water_2642.jpg,water
1638,cloudy_12701.jpg,cloudy
1639,forest_332.jpg,forest
1640,forest_767.jpg,forest
1641,forest_1960.jpg,forest
1642,cloudy_29355.jpg,cloudy
1643,water_2111.jpg,water
1644,cloudy_18939.jpg,cloudy
1645,cloudy_11561.jpg,cloudy
1646,cloudy_4952.jpg,cloudy
1647,cloudy_13248.jpg,cloudy
1648,water_789.jpg,water
1649,desert_217.jpg,desert
1650,forest_2267.jpg,forest
1651,forest_220.jpg,forest
1652,water_1185.jpg,water
1653,water_306.jpg,water
1654,desert_672.jpg,desert
1655,forest_2100.jpg,forest
1656,cloudy_19849.jpg,cloudy
1657,forest_509.jpg,forest
1658,water_1358.jpg,water
1659,water_1144.jpg,water
1660,cloudy_6954.jpg,cloudy
1661,desert_451.jpg,desert
1662,forest_712.jpg,forest
1663,forest_2817.jpg,forest
1664,cloudy_24693.jpg,cloudy
1665,forest_554.jpg,forest
1666,water_946.jpg,water
1667,water_589.jpg,water
1668,forest_993.jpg,forest
1669,water_429.jpg,water
1670,water_2038.jpg,water
1671,cloudy_31184.jpg,cloudy
1672,cloudy_11740.jpg,cloudy
1673,desert_1010.jpg,desert
1674,forest_1990.jpg,forest
1675,cloudy_19299.jpg,cloudy
1676,desert_707.jpg,desert
1677,water_510.jpg,water
1678,cloudy_24328.jpg,cloudy
1679,cloudy_40025.jpg,cloudy
1680,desert_1083.jpg,desert
1681,desert_259.jpg,desert
1682,water_848.jpg,water
1683,cloudy_8220.jpg,cloudy
1684,desert_211.jpg,desert
1685,desert_723.jpg,desert
1686,desert_55.jpg,desert
1687,water_351.jpg,water
1688,cloudy_34831.jpg,cloudy
1689,cloudy_28919.jpg,cloudy
1690,cloudy_27545.jpg,cloudy
1691,water_2339.jpg,water
1692,water_2159.jpg,water
1693,desert_431.jpg,desert
1694,cloudy_17935.jpg,cloudy
1695,water_2376.jpg,water
1696,water_52.jpg,water
1697,desert_278.jpg,desert
1698,cloudy_1738.jpg,cloudy
1699,water_1766.jpg,water
1700,cloudy_27202.jpg,cloudy
1701,forest_609.jpg,forest
1702,desert_1023.jpg,desert
1703,cloudy_16188.jpg,cloudy
1704,forest_745.jpg,forest
1705,water_441.jpg,water
1706,cloudy_26562.jpg,cloudy
1707,cloudy_28762.jpg,cloudy
1708,forest_399.jpg,forest
1709,cloudy_9006.jpg,cloudy
1710,desert_247.jpg,desert
1711,water_1284.jpg,water
1712,water_1856.jpg,water
1713,cloudy_23634.jpg,cloudy
1714,cloudy_40416.jpg,cloudy
1715,water_37.jpg,water
1716,desert_562.jpg,desert
1717,desert_493.jpg,desert
1718,water_1160.jpg,water
1719,forest_532.jpg,forest
1720,desert_1084.jpg,desert
1721,water_747.jpg,water
1722,forest_419.jpg,forest
1723,cloudy_9300.jpg,cloudy
1724,desert_940.jpg,desert
1725,water_1552.jpg,water
1726,water_1117.jpg,water
1727,desert_722.jpg,desert
1728,forest_390.jpg,forest
1729,cloudy_453.jpg,cloudy
1730,water_1191.jpg,water
1731,cloudy_27602.jpg,cloudy
1732,water_2586.jpg,water
1733,desert_1089.jpg,desert
1734,cloudy_13130.jpg,cloudy
1735,water_2884.jpg,water
1736,desert_644.jpg,desert
1737,forest_2066.jpg,forest
1738,water_2221.jpg,water
1739,water_1848.jpg,water
1740,water_1631.jpg,water
1741,desert_214.jpg,desert
1742,water_88.jpg,water
1743,desert_519.jpg,desert
1744,desert_1053.jpg,desert
1745,water_836.jpg,water
1746,water_936.jpg,water
1747,water_1698.jpg,water
1748,water_2428.jpg,water
1749,water_320.jpg,water
1750,forest_685.jpg,forest
1751,forest_284.jpg,forest
1752,cloudy_18386.jpg,cloudy
1753,cloudy_26084.jpg,cloudy
1754,forest_1946.jpg,forest
1755,water_1870.jpg,water
1756,cloudy_26572.jpg,cloudy
1757,water_1438.jpg,water
1758,water_2628.jpg,water
1759,desert_317.jpg,desert
1760,water_805.jpg,water
1761,forest_2271.jpg,forest
1762,desert_586.jpg,desert
1763,desert_769.jpg,desert
1764,desert_275.jpg,desert
1765,cloudy_21478.jpg,cloudy
1766,water_1686.jpg,water
1767,cloudy_30534.jpg,cloudy
1768,forest_798.jpg,forest
1769,forest_1777.jpg,forest
1770,water_2820.jpg,water
1771,cloudy_11260.jpg,cloudy
1772,water_671.jpg,water
1773,water_638.jpg,water
1774,water_1059.jpg,water
1775,desert_137.jpg,desert
1776,forest_2861.jpg,forest
1777,desert_410.jpg,desert
1778,desert_192.jpg,desert
1779,desert_175.jpg,desert
1780,desert_843.jpg,desert
1781,water_767.jpg,water
1782,desert_20.jpg,desert
1783,desert_507.jpg,desert
1784,desert_954.jpg,desert
1785,forest_4.jpg,forest
1786,water_1054.jpg,water
1787,forest_78.jpg,forest
1788,forest_29.jpg,forest
1789,water_239.jpg,water
1790,water_1157.jpg,water
1791,desert_216.jpg,desert
1792,cloudy_16604.jpg,cloudy
1793,water_2392.jpg,water
1794,water_2140.jpg,water
1795,desert_824.jpg,desert
1796,cloudy_2267.jpg,cloudy
1797,cloudy_30730.jpg,cloudy
1798,water_977.jpg,water
1799,forest_2297.jpg,forest
1800,forest_2310.jpg,forest
1801,forest_2910.jpg,forest
1802,forest_707.jpg,forest
1803,cloudy_39035.jpg,cloudy
1804,cloudy_22865.jpg,cloudy
1805,desert_45.jpg,desert
1806,desert_776.jpg,desert
1807,forest_2128.jpg,forest
1808,cloudy_3278.jpg,cloudy
1809,desert_378.jpg,desert
1810,desert_680.jpg,desert
1811,forest_373.jpg,forest
1812,desert_380.jpg,desert
1813,cloudy_12009.jpg,cloudy
1814,desert_442.jpg,desert
1815,water_2864.jpg,water
1816,desert_147.jpg,desert
1817,forest_211.jpg,forest
1818,forest_485.jpg,forest
1819,desert_1069.jpg,desert
1820,water_777.jpg,water
1821,water_690.jpg,water
1822,water_1886.jpg,water
1823,cloudy_12500.jpg,cloudy
1824,water_659.jpg,water
1825,water_994.jpg,water
1826,cloudy_12316.jpg,cloudy
1827,desert_320.jpg,desert
1828,water_1131.jpg,water
1829,water_1109.jpg,water
1830,cloudy_16844.jpg,cloudy
1831,water_2201.jpg,water
1832,water_908.jpg,water
1833,desert_150.jpg,desert
1834,cloudy_33481.jpg,cloudy
1835,desert_655.jpg,desert
1836,forest_2098.jpg,forest
1837,forest_770.jpg,forest
1838,desert_411.jpg,desert
1839,forest_408.jpg,forest
1840,water_756.jpg,water
1841,water_672.jpg,water
1842,water_369.jpg,water
1843,cloudy_39653.jpg,cloudy
1844,desert_292.jpg,desert
1845,water_1944.jpg,water
1846,cloudy_3645.jpg,cloudy
1847,water_1172.jpg,water
1848,forest_2879.jpg,forest
1849,cloudy_19130.jpg,cloudy
1850,water_1151.jpg,water
1851,cloudy_10269.jpg,cloudy
1852,forest_2256.jpg,forest
1853,water_568.jpg,water
1854,water_1286.jpg,water
1855,cloudy_10661.jpg,cloudy
1856,forest_2146.jpg,forest
1857,desert_343.jpg,desert
1858,water_639.jpg,water
1859,cloudy_27204.jpg,cloudy
1860,forest_608.jpg,forest
1861,desert_334.jpg,desert
1862,desert_652.jpg,desert
1863,water_646.jpg,water
1864,desert_803.jpg,desert
1865,water_48.jpg,water
1866,desert_223.jpg,desert
1867,desert_97.jpg,desert
1868,forest_2969.jpg,forest
1869,desert_513.jpg,desert
1870,cloudy_37171.jpg,cloudy
1871,cloudy_17141.jpg,cloudy
1872,forest_330.jpg,forest
1873,cloudy_13497.jpg,cloudy
1874,desert_771.jpg,desert
1875,forest_2999.jpg,forest
1876,forest_2264.jpg,forest
1877,cloudy_32828.jpg,cloudy
1878,cloudy_36363.jpg,cloudy
1879,desert_1086.jpg,desert
1880,water_799.jpg,water
1881,forest_209.jpg,forest
1882,forest_683.jpg,forest
1883,cloudy_1479.jpg,cloudy
1884,desert_229.jpg,desert
1885,forest_583.jpg,forest
1886,water_763.jpg,water
1887,forest_591.jpg,forest
1888,forest_89.jpg,forest
1889,cloudy_10224.jpg,cloudy
1890,desert_256.jpg,desert
1891,cloudy_13312.jpg,cloudy
1892,forest_2831.jpg,forest
1893,desert_902.jpg,desert
1894,forest_967.jpg,forest
1895,forest_384.jpg,forest
1896,forest_997.jpg,forest
1897,desert_132.jpg,desert
1898,cloudy_38947.jpg,cloudy
1899,forest_955.jpg,forest
1900,forest_2228.jpg,forest
1901,desert_832.jpg,desert
1902,water_683.jpg,water
1903,desert_1043.jpg,desert
1904,water_2236.jpg,water
1905,forest_1995.jpg,forest
1906,water_2949.jpg,water
1907,forest_290.jpg,forest
1908,cloudy_17643.jpg,cloudy
1909,forest_579.jpg,forest
1910,water_1680.jpg,water
1911,forest_466.jpg,forest
1912,water_631.jpg,water
1913,cloudy_15137.jpg,cloudy
1914,water_345.jpg,water
1915,desert_756.jpg,desert
1916,desert_112.jpg,desert
1917,forest_661.jpg,forest
1918,desert_19.jpg,desert
1919,desert_238.jpg,desert
1920,forest_2531.jpg,forest
1921,forest_910.jpg,forest
1922,water_1741.jpg,water
1923,water_407.jpg,water
1924,water_2316.jpg,water
1925,forest_653.jpg,forest
1926,forest_318.jpg,forest
1927,desert_1058.jpg,desert
1928,cloudy_22386.jpg,cloudy
1929,desert_464.jpg,desert
1930,desert_492.jpg,desert
1931,forest_590.jpg,forest
1932,desert_700.jpg,desert
1933,forest_851.jpg,forest
1934,cloudy_17569.jpg,cloudy
1935,forest_931.jpg,forest
1936,water_2729.jpg,water
1937,water_1935.jpg,water
1938,desert_639.jpg,desert
1939,water_794.jpg,water
1940,desert_683.jpg,desert
1941,cloudy_2164.jpg,cloudy
1942,forest_35.jpg,forest
1943,forest_666.jpg,forest
1944,water_1470.jpg,water
1945,forest_9.jpg,forest
1946,cloudy_32375.jpg,cloudy
1947,water_2757.jpg,water
1948,cloudy_2562.jpg,cloudy
1949,water_1733.jpg,water
1950,water_1736.jpg,water
1951,desert_11.jpg,desert
1952,desert_551.jpg,desert
1953,cloudy_17556.jpg,cloudy
1954,water_1070.jpg,water
1955,desert_201.jpg,desert
1956,cloudy_14592.jpg,cloudy
1957,forest_825.jpg,forest
1958,cloudy_19785.jpg,cloudy
1959,forest_2885.jpg,forest
1960,cloudy_4809.jpg,cloudy
1961,water_957.jpg,water
1962,water_685.jpg,water
1963,cloudy_20690.jpg,cloudy
1964,water_1519.jpg,water
1965,water_2311.jpg,water
1966,forest_1983.jpg,forest
1967,cloudy_9587.jpg,cloudy
1968,desert_84.jpg,desert
1969,cloudy_26416.jpg,cloudy
1970,desert_515.jpg,desert
1971,cloudy_28511.jpg,cloudy
1972,water_1637.jpg,water
1973,water_845.jpg,water
1974,desert_936.jpg,desert
1975,forest_872.jpg,forest
1976,water_2063.jpg,water
1977,forest_1735.jpg,forest
1978,water_18.jpg,water
1979,water_489.jpg,water
1980,desert_75.jpg,desert
1981,cloudy_16551.jpg,cloudy
1982,cloudy_28686.jpg,cloudy
1983,desert_78.jpg,desert
1984,forest_2167.jpg,forest
1985,water_2417.jpg,water
1986,water_796.jpg,water
1987,forest_1970.jpg,forest
1988,cloudy_6987.jpg,cloudy
1989,water_757.jpg,water
1990,desert_393.jpg,desert
1991,water_2016.jpg,water
1992,cloudy_32846.jpg,cloudy
1993,forest_326.jpg,forest
1994,forest_542.jpg,forest
1995,forest_2507.jpg,forest
1996,cloudy_18175.jpg,cloudy
1997,forest_85.jpg,forest
1998,water_2957.jpg,water
1999,water_2826.jpg,water
2000,cloudy_33880.jpg,cloudy
2001,forest_86.jpg,forest
2002,water_1612.jpg,water
2003,cloudy_38278.jpg,cloudy
2004,cloudy_18942.jpg,cloudy
2005,desert_880.jpg,desert
2006,forest_305.jpg,forest
2007,forest_2247.jpg,forest
2008,desert_577.jpg,desert
2009,desert_1019.jpg,desert
2010,forest_389.jpg,forest
2011,desert_782.jpg,desert
2012,water_2925.jpg,water
2013,cloudy_29278.jpg,cloudy
2014,desert_970.jpg,desert
2015,cloudy_27302.jpg,cloudy
2016,water_427.jpg,water
2017,water_1093.jpg,water
2018,forest_477.jpg,forest
2019,forest_411.jpg,forest
2020,cloudy_11937.jpg,cloudy
2021,desert_845.jpg,desert
2022,water_571.jpg,water
2023,desert_164.jpg,desert
2024,water_1427.jpg,water
2025,water_2166.jpg,water
2026,cloudy_25207.jpg,cloudy
2027,water_1301.jpg,water
2028,water_674.jpg,water
2029,desert_591.jpg,desert
2030,water_94.jpg,water
2031,desert_823.jpg,desert
2032,desert_177.jpg,desert
2033,cloudy_14862.jpg,cloudy
2034,water_2078.jpg,water
2035,cloudy_1086.jpg,cloudy
2036,desert_70.jpg,desert
2037,desert_868.jpg,desert
2038,water_1335.jpg,water
2039,forest_934.jpg,forest
2040,desert_878.jpg,desert
2041,desert_7.jpg,desert
2042,water_2266.jpg,water
2043,water_937.jpg,water
2044,water_1298.jpg,water
2045,water_518.jpg,water
2046,desert_937.jpg,desert
2047,forest_722.jpg,forest
2048,water_452.jpg,water
2049,desert_768.jpg,desert
2050,forest_950.jpg,forest
2051,cloudy_6484.jpg,cloudy
2052,forest_551.jpg,forest
2053,cloudy_5675.jpg,cloudy
2054,desert_749.jpg,desert
2055,cloudy_8588.jpg,cloudy
2056,water_656.jpg,water
2057,forest_2839.jpg,forest
2058,water_1127.jpg,water
2059,desert_596.jpg,desert
2060,cloudy_38089.jpg,cloudy
2061,forest_1585.jpg,forest
2062,forest_2173.jpg,forest
2063,cloudy_10263.jpg,cloudy
2064,forest_975.jpg,forest
2065,forest_2810.jpg,forest
2066,cloudy_18355.jpg,cloudy
2067,desert_68.jpg,desert
2068,water_1406.jpg,water
2069,desert_923.jpg,desert
2070,forest_340.jpg,forest
2071,forest_1672.jpg,forest
2072,water_2906.jpg,water
2073,cloudy_39492.jpg,cloudy
2074,cloudy_39307.jpg,cloudy
2075,cloudy_23478.jpg,cloudy
2076,water_1786.jpg,water
2077,cloudy_16735.jpg,cloudy
2078,forest_2192.jpg,forest
2079,desert_695.jpg,desert
2080,forest_2225.jpg,forest
2081,water_2928.jpg,water
2082,cloudy_8930.jpg,cloudy
2083,forest_925.jpg,forest
2084,desert_659.jpg,desert
2085,forest_2182.jpg,forest
2086,forest_2009.jpg,forest
2087,desert_898.jpg,desert
2088,desert_270.jpg,desert
2089,cloudy_32670.jpg,cloudy
2090,forest_840.jpg,forest
2091,cloudy_15562.jpg,cloudy
2092,desert_508.jpg,desert
2093,cloudy_30838.jpg,cloudy
2094,cloudy_5936.jpg,cloudy
2095,water_507.jpg,water
2096,forest_2318.jpg,forest
2097,desert_908.jpg,desert
2098,cloudy_15770.jpg,cloudy
2099,water_673.jpg,water
2100,cloudy_28851.jpg,cloudy
2101,desert_1049.jpg,desert
2102,forest_2269.jpg,forest
2103,forest_2200.jpg,forest
2104,cloudy_12313.jpg,cloudy
2105,cloudy_24114.jpg,cloudy
2106,forest_331.jpg,forest
2107,forest_870.jpg,forest
2108,water_2532.jpg,water
2109,forest_2315.jpg,forest
2110,forest_596.jpg,forest
2111,cloudy_32973.jpg,cloudy
2112,forest_1637.jpg,forest
2113,water_384.jpg,water
2114,desert_780.jpg,desert
2115,desert_550.jpg,desert
2116,cloudy_29833.jpg,cloudy
2117,cloudy_23978.jpg,cloudy
2118,water_187.jpg,water
2119,forest_2050.jpg,forest
2120,forest_2112.jpg,forest
2121,water_686.jpg,water
2122,water_2669.jpg,water
2123,forest_2922.jpg,forest
2124,desert_13.jpg,desert
2125,water_999.jpg,water
2126,water_1205.jpg,water
2127,cloudy_24212.jpg,cloudy
2128,forest_1968.jpg,forest
2129,forest_497.jpg,forest
2130,desert_1071.jpg,desert
2131,forest_1993.jpg,forest
2132,forest_561.jpg,forest
2133,cloudy_29996.jpg,cloudy
2134,forest_491.jpg,forest
2135,forest_206.jpg,forest
2136,water_75.jpg,water
2137,water_124.jpg,water
2138,desert_50.jpg,desert
2139,forest_796.jpg,forest
2140,water_1737.jpg,water
2141,water_1018.jpg,water
2142,water_658.jpg,water
2143,desert_991.jpg,desert
2144,cloudy_18768.jpg,cloudy
2145,desert_363.jpg,desert
2146,forest_447.jpg,forest
2147,desert_293.jpg,desert
2148,water_871.jpg,water
2149,cloudy_1450.jpg,cloudy
2150,cloudy_20748.jpg,cloudy
2151,cloudy_1663.jpg,cloudy
2152,water_20.jpg,water
2153,water_31.jpg,water
2154,cloudy_31887.jpg,cloudy
2155,forest_2130.jpg,forest
2156,water_891.jpg,water
2157,desert_886.jpg,desert
2158,cloudy_22646.jpg,cloudy
2159,desert_679.jpg,desert
2160,desert_523.jpg,desert
2161,water_136.jpg,water
2162,water_990.jpg,water
2163,forest_704.jpg,forest
2164,forest_2860.jpg,forest
2165,water_1088.jpg,water
2166,desert_445.jpg,desert
2167,cloudy_8478.jpg,cloudy
2168,cloudy_23081.jpg,cloudy
2169,forest_937.jpg,forest
2170,cloudy_18572.jpg,cloudy
2171,desert_716.jpg,desert
2172,water_1413.jpg,water
2173,water_1208.jpg,water
2174,cloudy_758.jpg,cloudy
2175,desert_82.jpg,desert
2176,desert_890.jpg,desert
2177,cloudy_23884.jpg,cloudy
2178,cloudy_24443.jpg,cloudy
2179,forest_2086.jpg,forest
2180,forest_475.jpg,forest
2181,cloudy_6520.jpg,cloudy
2182,cloudy_34895.jpg,cloudy
2183,desert_181.jpg,desert
2184,water_314.jpg,water
2185,water_113.jpg,water
2186,water_1321.jpg,water
2187,cloudy_13613.jpg,cloudy
2188,water_308.jpg,water
2189,cloudy_4448.jpg,cloudy
2190,water_1370.jpg,water
2191,desert_412.jpg,desert
2192,desert_466.jpg,desert
2193,water_773.jpg,water
2194,desert_925.jpg,desert
2195,water_2044.jpg,water
2196,forest_2040.jpg,forest
2197,desert_475.jpg,desert
2198,forest_757.jpg,forest
2199,forest_2152.jpg,forest
2200,water_737.jpg,water
2201,water_1188.jpg,water
2202,water_1527.jpg,water
2203,desert_773.jpg,desert
2204,forest_2193.jpg,forest
2205,forest_2303.jpg,forest
2206,desert_999.jpg,desert
2207,cloudy_7537.jpg,cloudy
2208,water_40.jpg,water
2209,water_2783.jpg,water
2210,cloudy_31713.jpg,cloudy
2211,desert_22.jpg,desert
2212,water_2506.jpg,water
2213,desert_944.jpg,desert
2214,water_258.jpg,water
2215,desert_861.jpg,desert
2216,desert_966.jpg,desert
2217,forest_888.jpg,forest
2218,cloudy_18183.jpg,cloudy
2219,forest_559.jpg,forest
2220,cloudy_23254.jpg,cloudy
2221,water_2771.jpg,water
2222,cloudy_34951.jpg,cloudy
2223,desert_73.jpg,desert
2224,water_1868.jpg,water
2225,water_2594.jpg,water
2226,desert_825.jpg,desert
2227,water_167.jpg,water
2228,desert_227.jpg,desert
2229,cloudy_8731.jpg,cloudy
2230,forest_2956.jpg,forest
2231,desert_323.jpg,desert
2232,forest_982.jpg,forest
2233,forest_2886.jpg,forest
2234,desert_556.jpg,desert
2235,forest_948.jpg,forest
2236,forest_605.jpg,forest
2237,forest_2148.jpg,forest
2238,forest_2848.jpg,forest
2239,cloudy_13011.jpg,cloudy
2240,cloudy_23646.jpg,cloudy
2241,forest_2257.jpg,forest
2242,desert_1090.jpg,desert
2243,cloudy_18918.jpg,cloudy
2244,cloudy_30262.jpg,cloudy
2245,desert_87.jpg,desert
2246,cloudy_28488.jpg,cloudy
2247,desert_689.jpg,desert
2248,water_909.jpg,water
2249,forest_992.jpg,forest
2250,cloudy_5557.jpg,cloudy
2251,cloudy_15201.jpg,cloudy
2252,desert_72.jpg,desert
2253,forest_2872.jpg,forest
2254,cloudy_3613.jpg,cloudy
2255,water_2891.jpg,water
2256,desert_40.jpg,desert
2257,cloudy_9770.jpg,cloudy
2258,desert_474.jpg,desert
2259,forest_2023.jpg,forest
2260,desert_166.jpg,desert
2261,water_43.jpg,water
2262,cloudy_24285.jpg,cloudy
2263,forest_2714.jpg,forest
2264,cloudy_16059.jpg,cloudy
2265,forest_1861.jpg,forest
2266,desert_608.jpg,desert
2267,desert_127.jpg,desert
2268,desert_257.jpg,desert
2269,forest_335.jpg,forest
2270,desert_102.jpg,desert
2271,forest_973.jpg,forest
2272,water_1620.jpg,water
2273,desert_977.jpg,desert
2274,water_1997.jpg,water
2275,water_1101.jpg,water
2276,desert_225.jpg,desert
2277,forest_783.jpg,forest
2278,forest_2927.jpg,forest
2279,desert_815.jpg,desert
2280,forest_2988.jpg,forest
2281,forest_2137.jpg,forest
2282,cloudy_39920.jpg,cloudy
2283,cloudy_25033.jpg,cloudy
2284,desert_806.jpg,desert
2285,water_2695.jpg,water
2286,cloudy_40255.jpg,cloudy
2287,forest_1967.jpg,forest
2288,forest_2119.jpg,forest
2289,desert_558.jpg,desert
2290,desert_224.jpg,desert
2291,forest_2021.jpg,forest
2292,desert_708.jpg,desert
2293,forest_550.jpg,forest
2294,water_2088.jpg,water
2295,desert_407.jpg,desert
2296,desert_1048.jpg,desert
2297,desert_32.jpg,desert
2298,water_1147.jpg,water
2299,cloudy_2965.jpg,cloudy
2300,desert_905.jpg,desert
2301,forest_891.jpg,forest
2302,desert_325.jpg,desert
2303,forest_59.jpg,forest
2304,cloudy_37063.jpg,cloudy
2305,cloudy_12119.jpg,cloudy
2306,forest_73.jpg,forest
2307,desert_60.jpg,desert
2308,desert_42.jpg,desert
2309,forest_351.jpg,forest
2310,water_2144.jpg,water
2311,water_89.jpg,water
2312,forest_72.jpg,forest
2313,water_651.jpg,water
2314,water_1156.jpg,water
2315,forest_518.jpg,forest
2316,water_2286.jpg,water
2317,water_92.jpg,water
2318,water_1962.jpg,water
2319,cloudy_11492.jpg,cloudy
2320,desert_994.jpg,desert
2321,desert_98.jpg,desert
2322,cloudy_2118.jpg,cloudy
2323,desert_287.jpg,desert
2324,cloudy_27379.jpg,cloudy
2325,cloudy_12211.jpg,cloudy
2326,desert_294.jpg,desert
2327,forest_2814.jpg,forest
2328,forest_2217.jpg,forest
2329,desert_383.jpg,desert
2330,water_2211.jpg,water
2331,water_1146.jpg,water
2332,desert_437.jpg,desert
2333,desert_326.jpg,desert
2334,water_460.jpg,water
2335,forest_508.jpg,forest
2336,desert_254.jpg,desert
2337,forest_287.jpg,forest
2338,desert_850.jpg,desert
2339,desert_95.jpg,desert
2340,desert_674.jpg,desert
2341,desert_289.jpg,desert
2342,water_2728.jpg,water
2343,water_418.jpg,water
2344,desert_1040.jpg,desert
2345,cloudy_18567.jpg,cloudy
2346,water_1961.jpg,water
2347,forest_613.jpg,forest
2348,desert_356.jpg,desert
2349,forest_681.jpg,forest
2350,cloudy_352.jpg,cloudy
2351,cloudy_4873.jpg,cloudy
2352,desert_767.jpg,desert
2353,desert_210.jpg,desert
2354,cloudy_8319.jpg,cloudy
2355,water_1381.jpg,water
2356,water_1564.jpg,water
2357,desert_1031.jpg,desert
2358,forest_442.jpg,forest
2359,water_1522.jpg,water
2360,forest_441.jpg,forest
2361,forest_213.jpg,forest
2362,desert_793.jpg,desert
2363,cloudy_7150.jpg,cloudy
2364,forest_2114.jpg,forest
2365,desert_690.jpg,desert
2366,desert_14.jpg,desert
2367,desert_574.jpg,desert
2368,cloudy_31979.jpg,cloudy
2369,desert_4.jpg,desert
2370,water_801.jpg,water
2371,desert_1026.jpg,desert
2372,water_827.jpg,water
2373,water_2375.jpg,water
2374,desert_964.jpg,desert
2375,forest_203.jpg,forest
2376,cloudy_21151.jpg,cloudy
2377,cloudy_24070.jpg,cloudy
2378,water_956.jpg,water
2379,cloudy_13047.jpg,cloudy
2380,desert_460.jpg,desert
2381,desert_684.jpg,desert
2382,water_2046.jpg,water
2383,desert_726.jpg,desert
2384,cloudy_39288.jpg,cloudy
2385,cloudy_29151.jpg,cloudy
2386,forest_2165.jpg,forest
2387,forest_219.jpg,forest
2388,water_2370.jpg,water
2389,desert_261.jpg,desert
2390,desert_103.jpg,desert
2391,forest_478.jpg,forest
2392,cloudy_35551.jpg,cloudy
2393,water_800.jpg,water
2394,forest_706.jpg,forest
2395,cloudy_17067.jpg,cloudy
2396,desert_307.jpg,desert
2397,desert_997.jpg,desert
2398,water_1241.jpg,water
2399,water_790.jpg,water
2400,water_2690.jpg,water
2401,water_339.jpg,water
2402,water_1938.jpg,water
2403,cloudy_32802.jpg,cloudy
2404,desert_231.jpg,desert
2405,water_2637.jpg,water
2406,water_752.jpg,water
2407,cloudy_3126.jpg,cloudy
2408,desert_120.jpg,desert
2409,water_2293.jpg,water
2410,desert_468.jpg,desert
2411,cloudy_28057.jpg,cloudy
2412,desert_831.jpg,desert
2413,desert_1074.jpg,desert
2414,cloudy_20821.jpg,cloudy
2415,cloudy_22860.jpg,cloudy
2416,forest_985.jpg,forest
2417,cloudy_26443.jpg,cloudy
2418,forest_2298.jpg,forest
2419,cloudy_10816.jpg,cloudy
2420,forest_2845.jpg,forest
2421,desert_893.jpg,desert
2422,cloudy_18258.jpg,cloudy
2423,forest_513.jpg,forest
2424,water_282.jpg,water
2425,desert_128.jpg,desert
2426,cloudy_34936.jpg,cloudy
2427,forest_510.jpg,forest
2428,cloudy_12713.jpg,cloudy
2429,forest_2925.jpg,forest
2430,water_859.jpg,water
2431,forest_2164.jpg,forest
2432,forest_1974.jpg,forest
2433,forest_546.jpg,forest
2434,desert_170.jpg,desert
2435,desert_382.jpg,desert
2436,forest_388.jpg,forest
2437,desert_624.jpg,desert
2438,water_715.jpg,water
2439,water_323.jpg,water
2440,cloudy_2396.jpg,cloudy
2441,water_1744.jpg,water
2442,forest_2052.jpg,forest
2443,desert_522.jpg,desert
2444,forest_549.jpg,forest
2445,water_2979.jpg,water
2446,water_725.jpg,water
2447,cloudy_30762.jpg,cloudy
2448,water_2505.jpg,water
2449,cloudy_17565.jpg,cloudy
2450,forest_2853.jpg,forest
2451,desert_537.jpg,desert
2452,forest_2174.jpg,forest
2453,water_1175.jpg,water
2454,forest_2880.jpg,forest
2455,cloudy_21788.jpg,cloudy
2456,forest_885.jpg,forest
2457,water_896.jpg,water
2458,forest_624.jpg,forest
2459,forest_2099.jpg,forest
2460,forest_828.jpg,forest
2461,desert_1052.jpg,desert
2462,cloudy_35665.jpg,cloudy
2463,desert_1067.jpg,desert
2464,desert_602.jpg,desert
2465,forest_774.jpg,forest
2466,cloudy_14975.jpg,cloudy
2467,forest_2191.jpg,forest
2468,forest_501.jpg,forest
2469,cloudy_34770.jpg,cloudy
2470,cloudy_14509.jpg,cloudy
2471,forest_562.jpg,forest
2472,forest_2300.jpg,forest
2473,forest_2882.jpg,forest
2474,cloudy_24777.jpg,cloudy
2475,forest_1971.jpg,forest
2476,forest_98.jpg,forest
2477,water_1145.jpg,water
2478,desert_450.jpg,desert
2479,cloudy_15751.jpg,cloudy
2480,cloudy_33523.jpg,cloudy
2481,forest_2869.jpg,forest
2482,cloudy_14403.jpg,cloudy
2483,cloudy_17762.jpg,cloudy
2484,water_2340.jpg,water
2485,water_1699.jpg,water
2486,desert_89.jpg,desert
2487,water_912.jpg,water
2488,cloudy_799.jpg,cloudy
2489,water_2381.jpg,water
2490,water_2624.jpg,water
2491,forest_350.jpg,forest
2492,forest_671.jpg,forest
2493,forest_947.jpg,forest
2494,cloudy_21922.jpg,cloudy
2495,forest_2062.jpg,forest
2496,water_1464.jpg,water
2497,forest_494.jpg,forest
2498,cloudy_28903.jpg,cloudy
2499,cloudy_7759.jpg,cloudy
2500,cloudy_13749.jpg,cloudy
2501,desert_791.jpg,desert
2502,water_2280.jpg,water
2503,cloudy_34176.jpg,cloudy
2504,water_1588.jpg,water
2505,water_1220.jpg,water
2506,water_54.jpg,water
2507,forest_935.jpg,forest
2508,desert_706.jpg,desert
2509,forest_1935.jpg,forest
2510,forest_1934.jpg,forest
2511,cloudy_646.jpg,cloudy
2512,desert_355.jpg,desert
2513,water_2531.jpg,water
2514,water_1481.jpg,water
2515,forest_421.jpg,forest
2516,forest_2136.jpg,forest
2517,cloudy_31783.jpg,cloudy
2518,desert_348.jpg,desert
2519,water_1541.jpg,water
2520,forest_2959.jpg,forest
2521,water_459.jpg,water
2522,water_1099.jpg,water
2523,desert_145.jpg,desert
2524,cloudy_10891.jpg,cloudy
2525,forest_2898.jpg,forest
2526,desert_887.jpg,desert
2527,forest_929.jpg,forest
2528,water_2885.jpg,water
2529,cloudy_24945.jpg,cloudy
2530,desert_496.jpg,desert
2531,desert_647.jpg,desert
2532,desert_599.jpg,desert
2533,cloudy_38804.jpg,cloudy
2534,cloudy_29014.jpg,cloudy
2535,forest_817.jpg,forest
2536,water_854.jpg,water
2537,water_2772.jpg,water
2538,water_1169.jpg,water
2539,water_2287.jpg,water
2540,desert_478.jpg,desert
2541,water_204.jpg,water
2542,forest_492.jpg,forest
2543,cloudy_20397.jpg,cloudy
2544,cloudy_13464.jpg,cloudy
2545,desert_677.jpg,desert
2546,cloudy_28072.jpg,cloudy
2547,water_680.jpg,water
2548,forest_293.jpg,forest
2549,forest_225.jpg,forest
2550,water_755.jpg,water
2551,forest_878.jpg,forest
2552,desert_156.jpg,desert
2553,water_930.jpg,water
2554,water_834.jpg,water
2555,cloudy_18073.jpg,cloudy
2556,desert_980.jpg,desert
2557,water_2737.jpg,water
2558,forest_2852.jpg,forest
2559,desert_669.jpg,desert
2560,water_1249.jpg,water
2561,cloudy_16251.jpg,cloudy
2562,cloudy_601.jpg,cloudy
2563,desert_720.jpg,desert
2564,forest_884.jpg,forest
2565,forest_2117.jpg,forest
2566,forest_1963.jpg,forest
2567,desert_1070.jpg,desert
2568,desert_314.jpg,desert
2569,cloudy_1297.jpg,cloudy
2570,cloudy_1126.jpg,cloudy
2571,cloudy_23076.jpg,cloudy
2572,water_758.jpg,water
2573,cloudy_20202.jpg,cloudy
2574,forest_2944.jpg,forest
2575,forest_1975.jpg,forest
2576,forest_584.jpg,forest
2577,cloudy_8627.jpg,cloudy
2578,cloudy_8421.jpg,cloudy
2579,forest_2824.jpg,forest
2580,cloudy_5180.jpg,cloudy
2581,water_388.jpg,water
2582,desert_907.jpg,desert
2583,forest_971.jpg,forest
2584,desert_187.jpg,desert
2585,desert_802.jpg,desert
2586,forest_230.jpg,forest
2587,forest_625.jpg,forest
2588,water_2854.jpg,water
2589,forest_2262.jpg,forest
2590,desert_274.jpg,desert
2591,water_2028.jpg,water
2592,water_611.jpg,water
2593,forest_222.jpg,forest
2594,desert_856.jpg,desert
2595,cloudy_10265.jpg,cloudy
2596,cloudy_17357.jpg,cloudy
2597,desert_747.jpg,desert
2598,forest_427.jpg,forest
2599,desert_101.jpg,desert
2600,desert_5.jpg,desert
2601,forest_439.jpg,forest
2602,water_2247.jpg,water
2603,water_679.jpg,water
2604,forest_2997.jpg,forest
2605,water_950.jpg,water
2606,cloudy_28284.jpg,cloudy
2607,water_1824.jpg,water
2608,water_1074.jpg,water
2609,cloudy_27239.jpg,cloudy
2610,desert_685.jpg,desert
2611,cloudy_35205.jpg,cloudy
2612,desert_234.jpg,desert
2613,water_1559.jpg,water
2614,cloudy_21706.jpg,cloudy
2615,cloudy_30211.jpg,cloudy
2616,desert_1021.jpg,desert
2617,desert_161.jpg,desert
2618,water_925.jpg,water
2619,forest_498.jpg,forest
2620,cloudy_7258.jpg,cloudy
2621,desert_593.jpg,desert
2622,desert_852.jpg,desert
2623,desert_557.jpg,desert
2624,forest_555.jpg,forest
2625,desert_950.jpg,desert
2626,water_780.jpg,water
2627,desert_135.jpg,desert
2628,desert_985.jpg,desert
2629,desert_1079.jpg,desert
2630,water_1329.jpg,water
2631,forest_242.jpg,forest
2632,cloudy_36994.jpg,cloudy
2633,cloudy_13785.jpg,cloudy
2634,water_2173.jpg,water
2635,forest_647.jpg,forest
2636,water_1846.jpg,water
2637,cloudy_31197.jpg,cloudy
2638,forest_283.jpg,forest
2639,desert_3.jpg,desert
2640,water_2605.jpg,water
2641,forest_462.jpg,forest
2642,desert_699.jpg,desert
2643,cloudy_6802.jpg,cloudy
2644,desert_249.jpg,desert
2645,cloudy_28832.jpg,cloudy
2646,forest_2903.jpg,forest
2647,forest_932.jpg,forest
2648,forest_376.jpg,forest
2649,forest_939.jpg,forest
2650,desert_543.jpg,desert
2651,forest_764.jpg,forest
2652,forest_2277.jpg,forest
2653,water_748.jpg,water
2654,forest_974.jpg,forest
2655,water_2733.jpg,water
2656,forest_1985.jpg,forest
2657,cloudy_11706.jpg,cloudy
2658,desert_104.jpg,desert
2659,cloudy_28215.jpg,cloudy
2660,desert_415.jpg,desert
2661,desert_1039.jpg,desert
2662,cloudy_108.jpg,cloudy
2663,desert_805.jpg,desert
2664,forest_461.jpg,forest
2665,desert_844.jpg,desert
2666,forest_2031.jpg,forest
2667,water_2892.jpg,water
2668,water_182.jpg,water
2669,forest_1972.jpg,forest
2670,water_46.jpg,water
2671,cloudy_26541.jpg,cloudy
2672,desert_332.jpg,desert
2673,cloudy_22455.jpg,cloudy
2674,forest_2855.jpg,forest
2675,cloudy_24192.jpg,cloudy
2676,water_1407.jpg,water
2677,desert_286.jpg,desert
2678,desert_578.jpg,desert
2679,forest_1814.jpg,forest
2680,desert_96.jpg,desert
2681,desert_1011.jpg,desert
2682,forest_2033.jpg,forest
2683,cloudy_1698.jpg,cloudy
2684,cloudy_33597.jpg,cloudy
2685,desert_1081.jpg,desert
2686,water_1055.jpg,water
2687,forest_2243.jpg,forest
2688,cloudy_26643.jpg,cloudy
2689,desert_860.jpg,desert
2690,desert_152.jpg,desert
2691,water_2018.jpg,water
2692,cloudy_7971.jpg,cloudy
2693,water_984.jpg,water
2694,water_677.jpg,water
2695,forest_760.jpg,forest
2696,desert_129.jpg,desert
2697,cloudy_14091.jpg,cloudy
2698,water_684.jpg,water
2699,cloudy_17222.jpg,cloudy
2700,desert_1061.jpg,desert
2701,desert_173.jpg,desert
2702,desert_459.jpg,desert
2703,desert_524.jpg,desert
2704,water_2031.jpg,water
2705,water_2012.jpg,water
2706,desert_889.jpg,desert
2707,water_1703.jpg,water
2708,cloudy_28555.jpg,cloudy
2709,forest_2816.jpg,forest
2710,water_1802.jpg,water
2711,desert_786.jpg,desert
2712,water_2452.jpg,water
2713,desert_560.jpg,desert
2714,water_2635.jpg,water
2715,forest_2990.jpg,forest
2716,water_1636.jpg,water
2717,forest_682.jpg,forest
2718,cloudy_14542.jpg,cloudy
2719,water_346.jpg,water
2720,desert_826.jpg,desert
2721,water_713.jpg,water
2722,desert_511.jpg,desert
2723,desert_604.jpg,desert
2724,desert_702.jpg,desert
2725,water_1926.jpg,water
2726,forest_470.jpg,forest
2727,cloudy_14034.jpg,cloudy
2728,water_216.jpg,water
2729,desert_526.jpg,desert
2730,forest_2902.jpg,forest
2731,water_2641.jpg,water
2732,cloudy_40236.jpg,cloudy
2733,desert_1007.jpg,desert
2734,cloudy_343.jpg,cloudy
2735,water_111.jpg,water
2736,water_2401.jpg,water
2737,desert_313.jpg,desert
2738,water_888.jpg,water
2739,water_648.jpg,water
2740,desert_541.jpg,desert
2741,cloudy_7419.jpg,cloudy
2742,desert_35.jpg,desert
2743,forest_479.jpg,forest
2744,forest_2818.jpg,forest
2745,cloudy_3395.jpg,cloudy
2746,desert_1041.jpg,desert
2747,cloudy_1378.jpg,cloudy
2748,water_775.jpg,water
2749,desert_47.jpg,desert
2750,desert_482.jpg,desert
2751,forest_2008.jpg,forest
2752,forest_2010.jpg,forest
2753,cloudy_14090.jpg,cloudy
2754,cloudy_16947.jpg,cloudy
2755,cloudy_234.jpg,cloudy
2756,water_921.jpg,water
2757,forest_2105.jpg,forest
2758,forest_524.jpg,forest
2759,desert_204.jpg,desert
2760,forest_36.jpg,forest
2761,cloudy_7361.jpg,cloudy
2762,cloudy_2163.jpg,cloudy
2763,cloudy_6438.jpg,cloudy
2764,forest_328.jpg,forest
2765,water_2981.jpg,water
2766,forest_324.jpg,forest
2767,forest_286.jpg,forest
2768,desert_501.jpg,desert
2769,water_1365.jpg,water
2770,cloudy_20581.jpg,cloudy
2771,cloudy_18513.jpg,cloudy
2772,water_317.jpg,water
2773,forest_2454.jpg,forest
2774,water_102.jpg,water
2775,water_2849.jpg,water
2776,forest_214.jpg,forest
2777,forest_1957.jpg,forest
2778,cloudy_37495.jpg,cloudy
2779,desert_763.jpg,desert
2780,desert_241.jpg,desert
2781,forest_2943.jpg,forest
2782,desert_1014.jpg,desert
2783,cloudy_37563.jpg,cloudy
2784,water_701.jpg,water
2785,water_1108.jpg,water
2786,water_456.jpg,water
2787,water_988.jpg,water
2788,water_1823.jpg,water
2789,desert_520.jpg,desert
2790,desert_440.jpg,desert
2791,desert_25.jpg,desert
2792,water_2188.jpg,water
2793,forest_587.jpg,forest
2794,desert_119.jpg,desert
2795,forest_369.jpg,forest
2796,cloudy_27884.jpg,cloudy
2797,forest_2850.jpg,forest
2798,water_2148.jpg,water
2799,water_2828.jpg,water
2800,desert_592.jpg,desert
2801,water_2191.jpg,water
2802,forest_2908.jpg,forest
2803,forest_1981.jpg,forest
2804,desert_718.jpg,desert
2805,water_2882.jpg,water
2806,forest_2838.jpg,forest
2807,forest_2157.jpg,forest
2808,water_2815.jpg,water
2809,cloudy_33313.jpg,cloudy
2810,cloudy_34391.jpg,cloudy
2811,water_2751.jpg,water
2812,water_2558.jpg,water
2813,desert_386.jpg,desert
2814,cloudy_8544.jpg,cloudy
2815,desert_167.jpg,desert
2816,desert_582.jpg,desert
2817,forest_2.jpg,forest
2818,water_811.jpg,water
2819,cloudy_28197.jpg,cloudy
2820,desert_299.jpg,desert
2821,water_2325.jpg,water
2822,desert_267.jpg,desert
2823,water_792.jpg,water
2824,desert_620.jpg,desert
2825,water_484.jpg,water
2826,forest_816.jpg,forest
2827,forest_725.jpg,forest
2828,cloudy_10666.jpg,cloudy
2829,water_175.jpg,water
2830,cloudy_26957.jpg,cloudy
2831,water_2333.jpg,water
2832,forest_367.jpg,forest
2833,cloudy_12072.jpg,cloudy
2834,desert_546.jpg,desert
2835,cloudy_19500.jpg,cloudy
2836,desert_403.jpg,desert
2837,water_2767.jpg,water
2838,desert_139.jpg,desert
2839,water_95.jpg,water
2840,cloudy_17131.jpg,cloudy
2841,water_1752.jpg,water
2842,cloudy_30882.jpg,cloudy
2843,forest_1953.jpg,forest
2844,water_2493.jpg,water
2845,cloudy_20239.jpg,cloudy
2846,cloudy_38287.jpg,cloudy
2847,desert_357.jpg,desert
2848,forest_2028.jpg,forest
2849,water_707.jpg,water
2850,water_735.jpg,water
2851,desert_812.jpg,desert
2852,water_1076.jpg,water
2853,cloudy_7172.jpg,cloudy
2854,water_634.jpg,water
2855,desert_521.jpg,desert
2856,cloudy_23979.jpg,cloudy
2857,cloudy_6306.jpg,cloudy
2858,cloudy_28318.jpg,cloudy
2859,forest_2093.jpg,forest
2860,cloudy_25106.jpg,cloudy
2861,desert_853.jpg,desert
2862,cloudy_34728.jpg,cloudy
2863,water_1855.jpg,water
2864,cloudy_14100.jpg,cloudy
2865,cloudy_2234.jpg,cloudy
2866,water_2003.jpg,water
2867,cloudy_10566.jpg,cloudy
2868,desert_1017.jpg,desert
2869,desert_141.jpg,desert
2870,forest_194.jpg,forest
2871,water_519.jpg,water
2872,water_1348.jpg,water
2873,cloudy_11326.jpg,cloudy
2874,forest_2038.jpg,forest
2875,forest_655.jpg,forest
2876,cloudy_19347.jpg,cloudy
2877,desert_919.jpg,desert
2878,water_2214.jpg,water
2879,water_652.jpg,water
2880,water_2653.jpg,water
2881,desert_1054.jpg,desert
2882,water_806.jpg,water
2883,water_2269.jpg,water
2884,forest_2995.jpg,forest
2885,desert_687.jpg,desert
2886,desert_116.jpg,desert
2887,desert_606.jpg,desert
2888,forest_747.jpg,forest
2889,forest_352.jpg,forest
2890,desert_319.jpg,desert
2891,forest_2935.jpg,forest
2892,forest_2849.jpg,forest
2893,desert_315.jpg,desert
2894,forest_1892.jpg,forest
2895,water_218.jpg,water
2896,forest_2032.jpg,forest
2897,cloudy_35367.jpg,cloudy
2898,desert_1078.jpg,desert
2899,desert_321.jpg,desert
2900,forest_632.jpg,forest
2901,desert_787.jpg,desert
2902,cloudy_40041.jpg,cloudy
2903,cloudy_6073.jpg,cloudy
2904,cloudy_11352.jpg,cloudy
2905,cloudy_1538.jpg,cloudy
2906,cloudy_9346.jpg,cloudy
2907,cloudy_28808.jpg,cloudy
2908,forest_742.jpg,forest
2909,water_1694.jpg,water
2910,cloudy_39520.jpg,cloudy
2911,forest_1987.jpg,forest
2912,desert_518.jpg,desert
2913,desert_472.jpg,desert
2914,desert_212.jpg,desert
2915,forest_523.jpg,forest
2916,forest_776.jpg,forest
2917,desert_854.jpg,desert
2918,desert_360.jpg,desert
2919,cloudy_37879.jpg,cloudy
2920,forest_2884.jpg,forest
2921,cloudy_12517.jpg,cloudy
2922,water_1505.jpg,water
2923,water_788.jpg,water
2924,forest_2565.jpg,forest
2925,cloudy_36137.jpg,cloudy
2926,water_1140.jpg,water
2927,water_357.jpg,water
2928,water_2402.jpg,water
2929,forest_2216.jpg,forest
2930,desert_895.jpg,desert
2931,forest_2120.jpg,forest
2932,desert_877.jpg,desert
2933,desert_581.jpg,desert
2934,forest_735.jpg,forest
2935,water_2344.jpg,water
2936,forest_678.jpg,forest
2937,forest_2198.jpg,forest
2938,water_2435.jpg,water
2939,forest_58.jpg,forest
2940,water_109.jpg,water
2941,forest_2104.jpg,forest
2942,water_1858.jpg,water
2943,desert_302.jpg,desert
2944,cloudy_16325.jpg,cloudy
2945,cloudy_21335.jpg,cloudy
2946,desert_821.jpg,desert
2947,forest_21.jpg,forest
2948,desert_837.jpg,desert
2949,cloudy_14787.jpg,cloudy
2950,cloudy_27734.jpg,cloudy
2951,cloudy_38541.jpg,cloudy
2952,desert_979.jpg,desert
2953,forest_394.jpg,forest
2954,forest_1479.jpg,forest
2955,desert_487.jpg,desert
2956,cloudy_19694.jpg,cloudy
2957,forest_2469.jpg,forest
2958,water_179.jpg,water
2959,desert_446.jpg,desert
2960,forest_580.jpg,forest
2961,desert_678.jpg,desert
2962,cloudy_33524.jpg,cloudy
2963,cloudy_12928.jpg,cloudy
2964,cloudy_36537.jpg,cloudy
2965,water_822.jpg,water
2966,desert_941.jpg,desert
2967,cloudy_22773.jpg,cloudy
2968,water_505.jpg,water
2969,cloudy_1776.jpg,cloudy
2970,desert_67.jpg,desert
2971,forest_358.jpg,forest
2972,forest_2900.jpg,forest
2973,cloudy_23018.jpg,cloudy
2974,forest_2248.jpg,forest
2975,forest_2041.jpg,forest
2976,desert_146.jpg,desert
2977,cloudy_35525.jpg,cloudy
2978,cloudy_4717.jpg,cloudy
2979,forest_2263.jpg,forest
2980,desert_992.jpg,desert
2981,desert_295.jpg,desert
2982,water_101.jpg,water
2983,water_2297.jpg,water
2984,desert_619.jpg,desert
2985,forest_2029.jpg,forest
2986,desert_974.jpg,desert
2987,desert_1057.jpg,desert
2988,water_53.jpg,water
2989,forest_2223.jpg,forest
2990,forest_2058.jpg,forest
2991,water_1705.jpg,water
2992,cloudy_39527.jpg,cloudy
2993,cloudy_22405.jpg,cloudy
2994,water_1606.jpg,water
2995,forest_41.jpg,forest
2996,desert_835.jpg,desert
2997,forest_2145.jpg,forest
2998,forest_909.jpg,forest
2999,forest_382.jpg,forest
3000,desert_1030.jpg,desert
3001,forest_2270.jpg,forest
3002,desert_724.jpg,desert
3003,water_1608.jpg,water
3004,desert_1046.jpg,desert
3005,forest_753.jpg,forest
3006,water_78.jpg,water
3007,forest_2110.jpg,forest
3008,forest_2870.jpg,forest
3009,cloudy_23608.jpg,cloudy
3010,desert_876.jpg,desert
3011,forest_2051.jpg,forest
3012,cloudy_23566.jpg,cloudy
3013,water_504.jpg,water
3014,forest_2075.jpg,forest
3015,water_676.jpg,water
3016,forest_488.jpg,forest
3017,forest_2213.jpg,forest
3018,water_2813.jpg,water
3019,water_1808.jpg,water
3020,water_2366.jpg,water
3021,forest_2889.jpg,forest
3022,cloudy_34681.jpg,cloudy
3023,cloudy_7063.jpg,cloudy
3024,cloudy_5543.jpg,cloudy
3025,water_824.jpg,water
3026,cloudy_20352.jpg,cloudy
3027,water_2702.jpg,water
3028,forest_396.jpg,forest
3029,cloudy_33928.jpg,cloudy
3030,forest_2941.jpg,forest
3031,cloudy_31129.jpg,cloudy
3032,cloudy_13219.jpg,cloudy
3033,forest_944.jpg,forest
3034,cloudy_30614.jpg,cloudy
3035,cloudy_16043.jpg,cloudy
3036,desert_165.jpg,desert
3037,forest_705.jpg,forest
3038,forest_2417.jpg,forest
3039,cloudy_11512.jpg,cloudy
3040,cloudy_4127.jpg,cloudy
3041,desert_648.jpg,desert
3042,forest_2919.jpg,forest
3043,forest_988.jpg,forest
3044,water_2600.jpg,water
3045,forest_2116.jpg,forest
3046,desert_178.jpg,desert
3047,forest_2864.jpg,forest
3048,forest_426.jpg,forest
3049,forest_400.jpg,forest
3050,cloudy_12239.jpg,cloudy
3051,cloudy_39153.jpg,cloudy
3052,forest_727.jpg,forest
3053,cloudy_12016.jpg,cloudy
3054,water_2507.jpg,water
3055,forest_2282.jpg,forest
3056,desert_529.jpg,desert
3057,water_76.jpg,water
3058,forest_413.jpg,forest
3059,desert_984.jpg,desert
3060,cloudy_24991.jpg,cloudy
3061,desert_335.jpg,desert
3062,desert_640.jpg,desert
3063,cloudy_7973.jpg,cloudy
3064,forest_2843.jpg,forest
3065,desert_945.jpg,desert
3066,desert_915.jpg,desert
3067,desert_265.jpg,desert
3068,cloudy_13110.jpg,cloudy
3069,water_914.jpg,water
3070,water_1006.jpg,water
3071,desert_1038.jpg,desert
3072,cloudy_24396.jpg,cloudy
3073,forest_611.jpg,forest
3074,cloudy_9950.jpg,cloudy
3075,cloudy_8840.jpg,cloudy
3076,water_289.jpg,water
3077,cloudy_1060.jpg,cloudy
3078,desert_884.jpg,desert
3079,cloudy_17794.jpg,cloudy
3080,cloudy_23805.jpg,cloudy
3081,forest_1992.jpg,forest
3082,forest_2025.jpg,forest
3083,cloudy_11317.jpg,cloudy
3084,water_907.jpg,water
3085,desert_395.jpg,desert
3086,forest_2178.jpg,forest
3087,cloudy_24164.jpg,cloudy
3088,forest_520.jpg,forest
3089,water_241.jpg,water
3090,desert_6.jpg,desert
3091,desert_719.jpg,desert
3092,cloudy_32385.jpg,cloudy
3093,desert_795.jpg,desert
3094,water_2077.jpg,water
3095,forest_2048.jpg,forest
3096,desert_399.jpg,desert
3097,forest_908.jpg,forest
3098,water_739.jpg,water
3099,forest_918.jpg,forest
3100,desert_417.jpg,desert
3101,desert_10.jpg,desert
3102,cloudy_984.jpg,cloudy
3103,desert_1020.jpg,desert
3104,forest_2022.jpg,forest
3105,cloudy_22371.jpg,cloudy
3106,forest_2113.jpg,forest
3107,water_1785.jpg,water
3108,desert_255.jpg,desert
3109,forest_746.jpg,forest
3110,water_831.jpg,water
3111,forest_23.jpg,forest
3112,desert_800.jpg,desert
3113,water_1164.jpg,water
3114,forest_2275.jpg,forest
3115,forest_294.jpg,forest
3116,forest_516.jpg,forest
3117,forest_701.jpg,forest
3118,water_732.jpg,water
3119,water_996.jpg,water
3120,cloudy_6891.jpg,cloudy
3121,cloudy_13413.jpg,cloudy
3122,forest_1998.jpg,forest
3123,forest_437.jpg,forest
3124,cloudy_32433.jpg,cloudy
3125,desert_235.jpg,desert
3126,forest_2841.jpg,forest
3127,forest_859.jpg,forest
3128,desert_801.jpg,desert
3129,cloudy_19000.jpg,cloudy
3130,cloudy_31527.jpg,cloudy
3131,cloudy_16892.jpg,cloudy
3132,water_931.jpg,water
3133,water_2182.jpg,water
3134,cloudy_17797.jpg,cloudy
3135,water_2654.jpg,water
3136,forest_2000.jpg,forest
3137,desert_1076.jpg,desert
3138,cloudy_3512.jpg,cloudy
3139,forest_2825.jpg,forest
3140,water_2499.jpg,water
3141,cloudy_3297.jpg,cloudy
3142,desert_538.jpg,desert
3143,cloudy_38823.jpg,cloudy
3144,water_2673.jpg,water
3145,cloudy_1283.jpg,cloudy
3146,cloudy_32704.jpg,cloudy
3147,water_2055.jpg,water
3148,forest_540.jpg,forest
3149,water_2351.jpg,water
3150,water_874.jpg,water
3151,cloudy_8809.jpg,cloudy
3152,desert_739.jpg,desert
3153,cloudy_34671.jpg,cloudy
3154,water_1983.jpg,water
3155,desert_858.jpg,desert
3156,cloudy_2231.jpg,cloudy
3157,cloudy_25818.jpg,cloudy
3158,cloudy_31296.jpg,cloudy
3159,water_2087.jpg,water
3160,water_2047.jpg,water
3161,forest_968.jpg,forest
3162,forest_2835.jpg,forest
3163,desert_406.jpg,desert
3164,water_1078.jpg,water
3165,desert_1050.jpg,desert
3166,cloudy_11312.jpg,cloudy
3167,cloudy_36096.jpg,cloudy
3168,forest_571.jpg,forest
3169,desert_573.jpg,desert
3170,water_887.jpg,water
3171,forest_2822.jpg,forest
3172,forest_2244.jpg,forest
3173,cloudy_20601.jpg,cloudy
3174,forest_377.jpg,forest
3175,cloudy_10326.jpg,cloudy
3176,desert_196.jpg,desert
3177,water_905.jpg,water
3178,forest_2241.jpg,forest
3179,desert_191.jpg,desert
3180,water_2618.jpg,water
3181,cloudy_17237.jpg,cloudy
3182,water_1473.jpg,water
3183,forest_48.jpg,forest
3184,desert_100.jpg,desert
3185,cloudy_3136.jpg,cloudy
3186,forest_832.jpg,forest
3187,cloudy_32408.jpg,cloudy
3188,desert_414.jpg,desert
3189,forest_446.jpg,forest
3190,desert_794.jpg,desert
3191,water_692.jpg,water
3192,water_1911.jpg,water
3193,desert_436.jpg,desert
3194,cloudy_22160.jpg,cloudy
3195,cloudy_9783.jpg,cloudy
3196,forest_759.jpg,forest
3197,water_627.jpg,water
3198,desert_296.jpg,desert
3199,forest_438.jpg,forest
3200,forest_835.jpg,forest
3201,desert_37.jpg,desert
3202,desert_696.jpg,desert
3203,cloudy_25557.jpg,cloudy
3204,desert_461.jpg,desert
3205,forest_473.jpg,forest
3206,desert_400.jpg,desert
3207,forest_362.jpg,forest
3208,desert_200.jpg,desert
3209,forest_71.jpg,forest
3210,desert_477.jpg,desert
3211,forest_2964.jpg,forest
3212,cloudy_13114.jpg,cloudy
3213,water_1138.jpg,water
3214,water_2626.jpg,water
3215,cloudy_1849.jpg,cloudy
3216,water_1.jpg,water
3217,water_1390.jpg,water
3218,water_852.jpg,water
3219,water_1072.jpg,water
3220,forest_2897.jpg,forest
3221,water_1089.jpg,water
3222,cloudy_17662.jpg,cloudy
3223,water_753.jpg,water
3224,forest_850.jpg,forest
3225,cloudy_17901.jpg,cloudy
3226,desert_373.jpg,desert
3227,cloudy_3119.jpg,cloudy
3228,water_740.jpg,water
3229,cloudy_17702.jpg,cloudy
3230,forest_673.jpg,forest
3231,cloudy_23252.jpg,cloudy
3232,desert_721.jpg,desert
3233,cloudy_22808.jpg,cloudy
3234,water_1114.jpg,water
3235,water_1186.jpg,water
3236,water_1303.jpg,water
3237,desert_728.jpg,desert
3238,forest_873.jpg,forest
3239,water_1330.jpg,water
3240,forest_754.jpg,forest
3241,desert_807.jpg,desert
3242,desert_77.jpg,desert
3243,water_851.jpg,water
3244,forest_525.jpg,forest
3245,water_2742.jpg,water
3246,desert_423.jpg,desert
3247,forest_565.jpg,forest
3248,desert_710.jpg,desert
3249,water_2544.jpg,water
3250,water_965.jpg,water
3251,forest_876.jpg,forest
3252,forest_282.jpg,forest
3253,desert_485.jpg,desert
3254,cloudy_4656.jpg,cloudy
3255,forest_998.jpg,forest
3256,cloudy_26.jpg,cloudy
3257,cloudy_15489.jpg,cloudy
3258,water_681.jpg,water
3259,cloudy_5541.jpg,cloudy
3260,forest_2190.jpg,forest
3261,forest_2857.jpg,forest
3262,forest_2201.jpg,forest
3263,water_1818.jpg,water
3264,cloudy_14181.jpg,cloudy
3265,cloudy_36545.jpg,cloudy
3266,cloudy_19813.jpg,cloudy
3267,desert_670.jpg,desert
3268,cloudy_7365.jpg,cloudy
3269,water_1456.jpg,water
3270,forest_487.jpg,forest
3271,desert_535.jpg,desert
3272,cloudy_14932.jpg,cloudy
3273,cloudy_20894.jpg,cloudy
3274,desert_770.jpg,desert
3275,forest_578.jpg,forest
3276,cloudy_4626.jpg,cloudy
3277,desert_402.jpg,desert
3278,desert_344.jpg,desert
3279,cloudy_284.jpg,cloudy
3280,forest_630.jpg,forest
3281,cloudy_35753.jpg,cloudy
3282,forest_674.jpg,forest
3283,forest_2184.jpg,forest
3284,desert_559.jpg,desert
3285,water_868.jpg,water
3286,desert_322.jpg,desert
3287,cloudy_10421.jpg,cloudy
3288,water_2516.jpg,water
3289,cloudy_11686.jpg,cloudy
3290,water_1187.jpg,water
3291,forest_8.jpg,forest
3292,cloudy_12097.jpg,cloudy
3293,cloudy_19442.jpg,cloudy
3294,desert_277.jpg,desert
3295,water_1469.jpg,water
3296,water_654.jpg,water
3297,forest_2859.jpg,forest
3298,forest_913.jpg,forest
3299,desert_662.jpg,desert
3300,water_1278.jpg,water
3301,desert_113.jpg,desert
3302,forest_1470.jpg,forest
3303,water_1267.jpg,water
3304,cloudy_1490.jpg,cloudy
3305,desert_554.jpg,desert
3306,water_1328.jpg,water
3307,desert_798.jpg,desert
3308,water_233.jpg,water
3309,cloudy_27254.jpg,cloudy
3310,water_1584.jpg,water
3311,cloudy_26673.jpg,cloudy
3312,water_605.jpg,water
3313,desert_712.jpg,desert
3314,forest_1937.jpg,forest
3315,desert_300.jpg,desert
3316,forest_2811.jpg,forest
3317,cloudy_36750.jpg,cloudy
3318,desert_435.jpg,desert
3319,cloudy_27355.jpg,cloudy
3320,cloudy_30623.jpg,cloudy
3321,cloudy_28329.jpg,cloudy
3322,cloudy_8297.jpg,cloudy
3323,forest_231.jpg,forest
3324,forest_732.jpg,forest
3325,water_2738.jpg,water
3326,water_2785.jpg,water
3327,water_703.jpg,water
3328,water_1867.jpg,water
3329,water_2937.jpg,water
3330,forest_44.jpg,forest
3331,desert_232.jpg,desert
3332,forest_749.jpg,forest
3333,cloudy_40475.jpg,cloudy
3334,cloudy_20864.jpg,cloudy
3335,forest_924.jpg,forest
3336,forest_2548.jpg,forest
3337,desert_115.jpg,desert
3338,cloudy_35475.jpg,cloudy
3339,cloudy_38925.jpg,cloudy
3340,cloudy_21806.jpg,cloudy
3341,water_1230.jpg,water
3342,cloudy_30274.jpg,cloudy
3343,water_1260.jpg,water
3344,water_377.jpg,water
3345,cloudy_10166.jpg,cloudy
3346,water_419.jpg,water
3347,cloudy_24636.jpg,cloudy
3348,water_2786.jpg,water
3349,cloudy_12770.jpg,cloudy
3350,water_798.jpg,water
3351,forest_2132.jpg,forest
3352,forest_645.jpg,forest
3353,cloudy_31228.jpg,cloudy
3354,cloudy_9021.jpg,cloudy
3355,water_202.jpg,water
3356,forest_20.jpg,forest
3357,cloudy_28534.jpg,cloudy
3358,cloudy_20483.jpg,cloudy
3359,forest_2118.jpg,forest
3360,water_712.jpg,water
3361,water_2136.jpg,water
3362,desert_31.jpg,desert
3363,desert_616.jpg,desert
3364,forest_385.jpg,forest
3365,forest_200.jpg,forest
3366,cloudy_10096.jpg,cloudy
3367,cloudy_21388.jpg,cloudy
3368,cloudy_23443.jpg,cloudy
3369,desert_933.jpg,desert
3370,desert_30.jpg,desert
3371,forest_836.jpg,forest
3372,forest_793.jpg,forest
3373,cloudy_34498.jpg,cloudy
3374,water_1754.jpg,water
3375,cloudy_27788.jpg,cloudy
3376,water_1920.jpg,water
3377,water_1075.jpg,water
3378,desert_367.jpg,desert
3379,forest_894.jpg,forest
3380,forest_407.jpg,forest
3381,forest_716.jpg,forest
3382,cloudy_13475.jpg,cloudy
3383,water_1531.jpg,water
3384,forest_363.jpg,forest
3385,cloudy_1339.jpg,cloudy
3386,forest_602.jpg,forest
3387,forest_2840.jpg,forest
3388,forest_1419.jpg,forest
3389,water_2086.jpg,water
3390,water_2929.jpg,water
3391,forest_2920.jpg,forest
3392,desert_686.jpg,desert
3393,desert_732.jpg,desert
3394,desert_62.jpg,desert
3395,desert_785.jpg,desert
3396,forest_634.jpg,forest
3397,desert_195.jpg,desert
3398,desert_248.jpg,desert
3399,desert_353.jpg,desert
3400,desert_976.jpg,desert
3401,water_1368.jpg,water
3402,cloudy_24031.jpg,cloudy
3403,desert_1082.jpg,desert
3404,forest_2868.jpg,forest
3405,desert_262.jpg,desert
3406,water_1749.jpg,water
3407,water_1126.jpg,water
3408,desert_896.jpg,desert
3409,desert_943.jpg,desert
3410,water_2496.jpg,water
3411,cloudy_31909.jpg,cloudy
3412,cloudy_35883.jpg,cloudy
3413,water_533.jpg,water
3414,cloudy_11415.jpg,cloudy
3415,desert_584.jpg,desert
3416,water_2394.jpg,water
3417,desert_883.jpg,desert
3418,water_121.jpg,water
3419,forest_403.jpg,forest
3420,forest_734.jpg,forest
3421,forest_986.jpg,forest
3422,desert_1037.jpg,desert
3423,cloudy_534.jpg,cloudy
3424,water_1513.jpg,water
3425,water_1834.jpg,water
3426,desert_291.jpg,desert
3427,desert_564.jpg,desert
3428,cloudy_29412.jpg,cloudy
3429,water_232.jpg,water
3430,cloudy_14991.jpg,cloudy
3431,water_538.jpg,water
3432,desert_489.jpg,desert
3433,forest_615.jpg,forest
3434,cloudy_15408.jpg,cloudy
3435,forest_762.jpg,forest
3436,desert_479.jpg,desert
3437,desert_483.jpg,desert
3438,forest_2274.jpg,forest
3439,desert_213.jpg,desert
3440,cloudy_4867.jpg,cloudy
3441,water_1027.jpg,water
3442,forest_763.jpg,forest
3443,water_1268.jpg,water
3444,cloudy_11896.jpg,cloudy
3445,water_294.jpg,water
3446,forest_517.jpg,forest
3447,water_839.jpg,water
3448,cloudy_12191.jpg,cloudy
3449,water_560.jpg,water
3450,forest_2952.jpg,forest
3451,water_1874.jpg,water
3452,desert_547.jpg,desert
3453,desert_580.jpg,desert
3454,water_355.jpg,water
3455,cloudy_10293.jpg,cloudy
3456,forest_2497.jpg,forest
3457,cloudy_23395.jpg,cloudy
3458,forest_978.jpg,forest
3459,forest_34.jpg,forest
3460,water_2288.jpg,water
3461,cloudy_13282.jpg,cloudy
3462,water_1337.jpg,water
3463,desert_998.jpg,desert
3464,cloudy_34208.jpg,cloudy
3465,water_1310.jpg,water
3466,forest_558.jpg,forest
3467,desert_114.jpg,desert
3468,desert_316.jpg,desert
3469,cloudy_16659.jpg,cloudy
3470,cloudy_25343.jpg,cloudy
3471,desert_1063.jpg,desert
3472,forest_2923.jpg,forest
3473,desert_615.jpg,desert
3474,forest_2246.jpg,forest
3475,forest_660.jpg,forest
3476,cloudy_34841.jpg,cloudy
3477,desert_189.jpg,desert
3478,forest_281.jpg,forest
3479,cloudy_1856.jpg,cloudy
3480,forest_1591.jpg,forest
3481,forest_721.jpg,forest
3482,forest_368.jpg,forest
3483,cloudy_31365.jpg,cloudy
3484,desert_834.jpg,desert
3485,water_872.jpg,water
3486,desert_636.jpg,desert
3487,cloudy_9752.jpg,cloudy
3488,cloudy_25602.jpg,cloudy
3489,desert_874.jpg,desert
3490,cloudy_11820.jpg,cloudy
3491,desert_612.jpg,desert
3492,desert_1004.jpg,desert
3493,cloudy_19911.jpg,cloudy
3494,water_2922.jpg,water
3495,water_2897.jpg,water
